logFC	unshrunk.logFC	logCPM	PValue	FDR
ENSG00000002586	3.3300851454411	3.33014046754328	8.92541551355745	0.00107828743506373	0.0234656347681048
ENSG00000003436	3.91695712238495	3.91852971419957	4.72419029859982	0.000308632786461903	0.00994465109275243
ENSG00000005073	9.25937487860234	144269484.833625	0.333290382273369	0.000217574807031763	0.00781391427515562
ENSG00000007968	5.64082779025712	5.66338010622266	2.673359397614	1.43046340272278e-06	0.000204276945333205
ENSG00000008196	7.76735907623101	8.39323874556107	0.358426930789593	0.000298438211528025	0.00971998353173733
ENSG00000011028	4.16211288134693	4.1622907809765	8.12176918494095	0.000659710069654854	0.0168302778235204
ENSG00000012223	9.36220749440663	9.36422142029645	9.87885166672783	8.10453665424071e-07	0.000134825873632437
ENSG00000015413	5.04483569892569	5.09483987804613	0.956219803162415	0.00144528937119979	0.0283536861191367
ENSG00000024526	3.56465852249991	3.56931726492511	2.79147611409574	0.00248887264967353	0.0409450937472536
ENSG00000026025	4.01247984340669	4.01249574048594	11.4493790638165	4.60753101985481e-06	0.000477245294562987
ENSG00000026508	4.36306795346327	4.36315350403673	9.38670078543328	6.43806581397538e-05	0.00323012548231424
ENSG00000026751	4.29580450732785	4.31613048562777	1.45970881167039	0.000398092650353361	0.0118127296846647
ENSG00000029559	6.58904333334576	6.59950638919806	4.72421769998939	1.7677068345297e-05	0.00129671236305592
ENSG00000037965	5.80297533678224	6.14889417012439	-0.865290697115115	8.43367153894404e-05	0.00389919978775623
ENSG00000038945	4.24516269621088	4.24576832397766	6.44154217867524	5.87559509502344e-05	0.00301705557496374
ENSG00000041982	5.37511449791904	5.37524400425643	9.82650499389526	7.8368612273465e-06	0.000717226690459103
ENSG00000046774	7.33114078787683	7.97077742887435	-0.123106761742816	0.00268139871447039	0.0431657962247174
ENSG00000047457	5.04228826834093	5.04290576122258	7.23438555718933	0.00118895863109077	0.0249043922252685
ENSG00000049249	4.91165779852316	4.95817088617413	0.922335699607495	0.000417543559238247	0.0122890198276291
ENSG00000051180	3.72424222342114	3.73149324257311	2.32870647833504	0.000453906168022167	0.013072280977383
ENSG00000064666	3.53158936161687	3.53224921214841	5.56713914351333	0.00144866427948386	0.0283782984748891
ENSG00000064886	5.60266822853067	5.60297074125907	8.8339036095943	2.7635885308848e-05	0.00178332742257684
ENSG00000065328	4.74391633169151	4.7594520285445	2.29388501485106	4.82832754292609e-05	0.00263635422898141
ENSG00000065911	3.05028542996604	3.05079452863078	5.42012193058768	0.00105410440888449	0.0231298370230875
ENSG00000066279	4.91001479437755	4.91650883419982	3.70981107562345	5.13357762215867e-05	0.00277167253541784
ENSG00000068489	3.04998136006102	3.05151654053659	3.82957890155822	0.00240828847239034	0.0400838855121851
ENSG00000069011	8.08737969159269	8.21172438415557	2.73561490663589	3.62695561521504e-10	6.07645767818328e-07
ENSG00000069812	6.00462133193281	6.05408527971522	1.93254406518748	0.00298073444184907	0.0463511888012792
ENSG00000070748	4.27146358387833	4.50394297841205	-1.8128004029434	0.00311314819131507	0.0475222760589486
ENSG00000072571	4.20146917247053	4.20857389155093	2.85308538467582	9.34632530268056e-05	0.00420828759057635
ENSG00000072694	5.682345713339	5.68869759588124	4.52737128881044	6.51337359281228e-06	0.000626269953342357
ENSG00000073792	4.35833252613119	4.36174724378591	4.06921995050044	0.000225353233712944	0.00800983054849514
ENSG00000074410	5.18425226502128	5.1848325707038	7.46877087599046	0.000118190770027856	0.00496936593005624
ENSG00000075218	5.10801961001943	5.11858715245473	3.21632854958213	2.09838794920874e-06	0.00026239634593888
ENSG00000075275	4.35432498206642	4.35709465163868	4.36561432024292	0.000882673962168281	0.0204911061390523
ENSG00000077274	5.89658096891493	6.04937764931428	0.250789213906404	0.000929828253208748	0.0211702594933396
ENSG00000078081	3.84108429503978	3.85639995749637	1.39154728460952	0.00144567325024738	0.0283536861191367
ENSG00000078399	9.88049694661382	144269485.455573	0.944199111537119	2.991811546003e-05	0.00188188653055071
ENSG00000078898	6.11750943046198	6.4590247493139	-0.514720291287591	0.000677289269241084	0.0171879066496996
ENSG00000080986	5.71531161056004	5.73291642589021	3.10563826245996	3.41962049370153e-08	1.33301553339668e-05
ENSG00000082929	6.4930702097786	7.11948463514787	-0.890841404309244	3.77361675133338e-06	0.000410222911370526
ENSG00000085840	4.20477421096546	4.21509362312727	2.32498805570248	6.5202980332317e-05	0.00323580907433663
ENSG00000086991	3.90920380025077	3.91858626012256	2.15731742128718	0.000148870057663501	0.00593856193661312
ENSG00000087245	4.16584694908583	4.1661664395001	7.28119705899418	0.000550774742998965	0.0149507595064534
ENSG00000087586	3.39145734166348	3.39393215215171	3.51461330697731	0.00118975114108075	0.0249043922252685
ENSG00000088325	3.60059566828222	3.60140543652943	5.34573582075474	0.00105669571006866	0.0231628467455014
ENSG00000089157	2.96879509462239	2.96881493156421	10.0098024049269	0.000814430961222987	0.0195188449038288
ENSG00000089225	6.87271231096253	7.11311306603988	0.641051903608399	0.00120092872078337	0.0250286819925611
ENSG00000089685	6.88429437461852	6.89413592271694	5.11254703442719	1.38858598575924e-09	1.39633892417973e-06
ENSG00000090382	5.01022802743262	5.01170208882291	5.94744842251062	3.42282396114376e-05	0.00206516083695609
ENSG00000090659	5.12775370928331	5.13338982675116	4.1375246252745	0.00239121979977575	0.0399634949271123
ENSG00000090889	4.71630106147485	4.72081690039452	4.03443627840611	7.09925425072392e-06	0.000665099752733133
ENSG00000091879	3.56079297292673	3.56180426994947	4.98434499490697	0.00154858359313222	0.0298988131493225
ENSG00000091986	3.69942312267339	3.69966957127162	7.16563139483069	0.00018871554584514	0.00705024920035079
ENSG00000092607	3.76521258244214	3.76872012362556	3.41035445525195	0.00125623028863282	0.0258684827524441
ENSG00000093009	5.35932512678574	5.37629339159258	2.79461565691486	7.52074506008845e-07	0.00013057961243178
ENSG00000099994	4.37765154337968	4.3794945353242	4.9753702580568	0.00309488952699448	0.0473934415256883
ENSG00000100162	3.39881062510149	3.40523553723137	2.15600728494811	0.00142383285022329	0.0281697936193423
ENSG00000100504	3.52491423400915	3.52528125920956	6.40567866430154	0.000551345651808383	0.0149507595064534
ENSG00000100985	6.98421571050387	6.9949909900205	5.0810605943717	2.58051120655115e-05	0.00169923996645911
ENSG00000101057	7.45998542980509	7.47955912029349	4.70804752060731	5.67118257565446e-11	1.71085400351056e-07
ENSG00000101278	3.49924396615621	3.61465343833687	-1.66751568150426	0.00219119946633789	0.037621812296941
ENSG00000101825	6.2809216152237	6.28241698576056	7.21551359808766	0.00112597748673169	0.0240788127402513
ENSG00000101916	4.24717924205248	4.25374859472227	3.01433767305035	0.00324392238637605	0.0490488944083316
ENSG00000101955	4.66101203179913	4.66172908434102	6.62793451655138	0.000166677806524172	0.0064776202619233
ENSG00000102007	4.85487859954172	4.85570670550331	6.61945503626632	4.92873492717296e-06	0.000501899108575494
ENSG00000102359	5.68677055601744	5.69058907499661	5.26513584589338	1.75835408475741e-06	0.00023707328201975
ENSG00000102575	3.83109157311819	3.83480351834809	3.39792249704007	0.00022671958663698	0.00802294795292798
ENSG00000104055	5.54616649869117	5.62937626003457	0.746927491936722	5.31182489563967e-05	0.00283618544317186
ENSG00000104147	4.37078230200949	4.39535824865031	1.27032959837826	5.21531046995591e-05	0.00280325841607831
ENSG00000105011	5.99391908115973	6.00523501743273	4.01797993983753	4.20852202910816e-09	2.80647901792058e-06
ENSG00000105137	2.93068573431305	2.93122643978323	5.20088110401281	0.00220665716254389	0.0378234829267289
ENSG00000105559	3.50850510549577	3.50898757556724	5.99419236153707	0.000239702986942759	0.00830703967495643
ENSG00000105974	4.08516586289308	4.0854871404089	7.1890109759821	0.000500936416361864	0.0139764155751182
ENSG00000105991	6.78204796229842	7.12869135630383	0.0887455963039199	1.60113868622243e-07	4.54610365332847e-05
ENSG00000105996	8.23130457830376	8.86550019938381	0.763389491632224	1.25408463831133e-05	0.00101905988757595
ENSG00000105997	8.31205714316763	8.66179340668056	1.56589037243635	2.03814844280571e-08	8.62959202081981e-06
ENSG00000106004	7.96960940494522	8.20950784351718	1.73762804687829	2.73421404297938e-10	5.07596320871264e-07
ENSG00000106006	8.42925264563425	144269484.001676	-0.456930320083743	2.62907387055754e-07	6.10096815308035e-05
ENSG00000106031	5.88714608157061	5.97727077385485	0.99741359963135	0.000426112981531662	0.0124636932129058
ENSG00000106066	3.67793979184403	3.67848795029057	5.99008134997673	0.00111585504615007	0.0239165592218347
ENSG00000106333	4.7751766193875	4.77567924842629	7.25746547918069	0.0025433750101113	0.0415680608941958
ENSG00000106366	4.45124092406755	4.45141540382749	8.44991143658173	0.00187777515291464	0.0340738537898059
ENSG00000106462	4.34832749902999	4.35068850808838	4.58851441799954	1.36006657152627e-05	0.00106918067222199
ENSG00000106483	4.33517008317655	4.33651745726736	5.38237761563517	2.24236563916136e-07	5.55428706576479e-05
ENSG00000106511	5.15503062488426	5.16173219314144	3.91599819406256	8.12041064060653e-05	0.00377606917919842
ENSG00000107159	5.78944160334494	5.79620295970012	4.54671650337202	1.04116893250381e-05	0.000884773627360805
ENSG00000108511	8.15207322445861	8.77617725758812	0.749236396787149	3.88334250237967e-06	0.000415728493746833
ENSG00000108821	7.06608608552636	7.06628028094924	10.9499432268709	0.000135902659475917	0.0055591098030369
ENSG00000108846	4.90327192755469	4.90504598349015	5.57198070396497	1.18913043872178e-05	0.000972829627393608
ENSG00000109674	3.86235112817961	3.87774589950223	1.4002105952296	0.00109033493970936	0.023600128641207
ENSG00000109705	5.84900316289086	6.08939146609526	-0.375130517847982	3.47443373730198e-05	0.00208587024418025
ENSG00000109743	3.47279611748165	3.47722097732526	2.76841773659772	0.00118772623970385	0.0249043922252685
ENSG00000109805	6.08902863244702	6.10368068088876	3.74263895837485	2.08846789070727e-07	5.47859609503578e-05
ENSG00000109861	3.22696147340081	3.22718393907309	6.80646747542052	0.00297392691533189	0.0462751464697742
ENSG00000110077	4.82828208897596	4.82910923776631	6.59379477565199	3.34576129621106e-05	0.00203391947412488
ENSG00000110079	4.70468825103761	4.70629517231442	5.50996057608983	0.000178333723372495	0.00683159695217745
ENSG00000110492	3.92896191382912	3.92932327545335	6.85584686020477	2.45057352682385e-05	0.00162478410704304
ENSG00000111206	4.48067381419649	4.48300318965097	4.7446603349887	2.23569226872821e-05	0.00153059475294984
ENSG00000111247	3.99476582531056	3.99940937825261	3.24747852031483	0.000238271541734062	0.00828594436341477
ENSG00000111341	4.2186317395525	4.218901994222	7.57743919755994	0.00333554639181093	0.0499070530811935
ENSG00000112299	4.92433397212663	4.96085832845094	1.26403097807314	0.000297647089733655	0.00970731738328652
ENSG00000112303	4.34418651571708	4.35369491089866	2.58438350279947	0.00235906219956045	0.0396197683536479
ENSG00000112715	3.73182906625675	3.73189454882236	9.11167891146701	0.00269859033894102	0.0433243020945052
ENSG00000112742	4.7901905567897	4.80014606049991	2.97539869477382	1.52231003373417e-05	0.00117378371738468
ENSG00000112773	4.19102554226816	4.19202384934884	5.66473163598346	0.000955257548157559	0.0215576916508058
ENSG00000112984	6.80148853377727	6.82557768416576	3.74774424978354	1.74987988585521e-09	1.66824698669692e-06
ENSG00000113083	5.62377904668526	5.62507308013052	6.75937090125024	2.33687290228977e-05	0.00158016009748491
ENSG00000113088	3.82009170516108	3.86000255192513	0.0337829016471921	0.00255642814197218	0.0417152378487874
ENSG00000113140	3.20892301899854	3.20893262533887	11.3196532191195	0.000532840933297258	0.0146177866334403
ENSG00000113368	3.46885070867351	3.46956529787885	5.38561259626082	0.000857136566157782	0.020103142747961
ENSG00000113739	4.14713768232147	4.14920324092277	4.57263927296708	0.000585226603634913	0.0155377985171892
ENSG00000115107	4.69412518755966	4.69495755943161	6.44700819071521	5.59349874835333e-05	0.00293319671873386
ENSG00000115163	5.68176596508462	5.72044531287971	1.9426088273213	7.40828721287101e-08	2.59118266080332e-05
ENSG00000115380	4.03965764740453	4.03976863243599	8.67443440258287	0.000142209311204607	0.00572968199768277
ENSG00000115414	5.21037012805228	5.21039679630688	11.9383766484281	9.95503223779819e-05	0.00440834400049581
ENSG00000115457	5.68735293634916	5.68772693768943	8.61367103651327	3.92526912719686e-09	2.70664128902197e-06
ENSG00000115590	6.90008967637952	6.9543626464149	2.6962805547181	0.000111154832816632	0.0047931924123582
ENSG00000116132	3.38901793527932	3.38928283752736	6.73022005743237	0.000370179807266359	0.0113953054445999
ENSG00000116157	3.0383533510907	3.03950120107878	4.23565151344498	0.00179281499191587	0.0329785038223304
ENSG00000116833	4.61882285693935	4.65983312956409	0.811736293990266	5.93238369293295e-06	0.000586771098546081
ENSG00000116962	3.58384840117656	3.58415488947931	6.72841231646719	0.000932793980344053	0.0211977871201727
ENSG00000117091	3.77501899229974	3.78022198044106	2.85474853428477	0.00162501124651921	0.0308075580703022
ENSG00000117122	5.96138833428451	5.97071495048596	4.25840913806763	0.000190987051369564	0.00709120230423547
ENSG00000117226	3.18772545556468	3.18857785590888	4.82806870783261	0.00304182306600744	0.0468782617337315
ENSG00000117228	3.6729192068338	3.67337802504856	6.24155087497229	0.000606884084258465	0.0159548371345248
ENSG00000117318	3.27957210210212	3.2797388185467	7.27959010506167	0.00090359248791923	0.0208498333696796
ENSG00000117399	5.05869223469079	5.06317553511865	4.39657186913196	6.72664049640361e-07	0.000120015823599898
ENSG00000118113	6.62151195881731	144269482.183441	-2.07812482660323	0.000380015466566317	0.0115603170693448
ENSG00000118193	5.2669194481206	5.28685014731884	2.47365597908078	3.71830899230118e-06	0.000406052801901343
ENSG00000118785	3.68555313155283	3.68556612619925	11.3957023819124	0.00136295239321795	0.0275029206169917
ENSG00000119655	3.59632042476764	3.59643587636903	8.1497524413105	0.00145604518124156	0.0284997521525416
ENSG00000120068	7.45456409230239	8.08864206704629	0.00331466403992205	0.000139713905547295	0.00566606832833682
ENSG00000120075	6.96190635144453	7.30655885402713	0.275533983933418	0.000438988754395763	0.0127645236127558
ENSG00000120093	6.50610402965403	6.53542179899692	3.17456100520998	8.95271367104538e-08	2.95979166763026e-05
ENSG00000120708	6.3507965895251	6.35121927971079	9.10798454584333	3.40498860661951e-05	0.00205954874767307
ENSG00000121152	4.20048511911361	4.20590893652066	3.23928723037312	8.43033437139459e-05	0.00389919978775623
ENSG00000121552	5.68332211186225	5.71175220453703	2.3855521410394	1.51679292031507e-05	0.00117327821598987
ENSG00000121621	4.4946740284442	4.50857780766407	2.20290442707994	2.23278331119317e-05	0.00153059475294984
ENSG00000121743	6.1264965856273	6.25096016092242	0.775893286973016	6.30893728903212e-06	0.000611485512182736
ENSG00000121807	4.17403135974402	4.19015842331115	1.66163843331873	0.00249078964499994	0.0409487175016543
ENSG00000121966	3.16585405908084	3.16625365506165	5.89537837693974	0.00237750442556263	0.0397634731853975
ENSG00000122176	3.6904936342362	3.69104443122164	5.99650148573847	0.00301477449247073	0.0466337881107467
ENSG00000122592	8.03982815684491	8.66528069894612	0.637648298756935	5.46213868086068e-07	0.000101505669283764
ENSG00000122861	5.25574994071768	5.25676836799181	6.73073608386333	0.000110394457756469	0.00477465921773229
ENSG00000123009	3.6444139267394	3.67298731973657	0.320489351484499	7.38833656224806e-05	0.00351696478487761
ENSG00000123080	3.64803484518563	3.64855159155571	6.04357943474274	0.000117165872299188	0.00494349853508495
ENSG00000123131	3.28372240928817	3.28397456558371	6.68739966837366	0.00162061412377487	0.0307725422999078
ENSG00000123219	4.56173924441058	4.57151314561438	2.77159474294074	3.00669513054809e-05	0.00188188653055071
ENSG00000123364	7.71170008568767	8.34583212809088	0.25530262572152	6.36622422501372e-05	0.00320995386152542
ENSG00000123374	3.51692937069824	3.51818150957851	4.62940873717096	3.88006968466846e-05	0.00225100004254299
ENSG00000123388	8.76258945286705	144269484.335869	-0.144617756131263	4.55959144542609e-06	0.00047431543079273
ENSG00000123485	5.54584125749601	5.56106755338168	3.1435137929439	4.36505104813786e-07	9.01040781712424e-05
ENSG00000123975	3.63115973092159	3.63277426513158	4.3843872659427	0.000842463634770265	0.0199138269946578
ENSG00000124102	7.73670581689616	7.77765855471689	3.9372930104115	1.91663825671597e-05	0.00137258598479475
ENSG00000124399	3.73676270268718	3.90908449616263	-1.92929551254513	0.00156358705716748	0.0300203739361017
ENSG00000124491	5.62681955931521	5.62729242701091	8.2140303836663	0.00037581341637246	0.0115092842029835
ENSG00000124657	5.01230769174816	5.62591663011087	-2.1778867744024	0.00198589683542266	0.0352928087084613
ENSG00000124731	5.67857788533411	5.68351219361848	4.88786021622142	0.000127919752306574	0.00530224705519275
ENSG00000125430	4.0548609106067	4.05778358846281	3.97613242084979	0.00102736438080438	0.0227889815867031
ENSG00000125492	5.04452524566867	5.66021592405258	-2.12973959886003	0.00289389258787551	0.045410405536923
ENSG00000125726	7.50378789299318	7.55318767022362	3.43451232291791	0.000680083547565208	0.0172406894295575
ENSG00000125735	4.13352008668192	4.14632027579364	1.9495256509986	0.0020886400965468	0.036580000065356
ENSG00000126778	4.03994830011108	4.04702723883999	2.69277797697937	0.000558118590470887	0.0150345661572812
ENSG00000126787	6.88851607271686	6.92524481044423	3.23413157161287	2.67820567776817e-09	2.05302704649308e-06
ENSG00000127129	5.08824713262846	5.69953601459569	-2.08631171057227	0.00211106979679819	0.0367284956759836
ENSG00000127863	3.78688790618055	3.78776475959149	5.42837727490022	9.00402603234291e-06	0.000793077241841474
ENSG00000128262	3.54972912294557	3.56085108874536	1.53865331988168	0.00108136833552913	0.0234995634074023
ENSG00000128602	2.81789710880656	2.81833573924061	5.37609922458541	0.000625019784381042	0.0162861735312615
ENSG00000128652	6.7599778192762	144269482.323215	-1.9709014393653	9.09015385802362e-05	0.00412371754153274
ENSG00000128709	8.99068111971197	9.62472845344986	1.50718003653846	8.32345236586713e-07	0.000136651836325059
ENSG00000128710	10.9474864356948	144269486.523362	1.99336860208433	1.10797158714279e-07	3.54722411409456e-05
ENSG00000128713	10.1000279419528	144269485.675319	1.1556217659724	5.31241373684149e-07	0.000100163900878854
ENSG00000128714	9.13588926643876	9.75659998029965	1.73081335279285	3.65844826747048e-05	0.00216404388448854
ENSG00000129038	5.13065256347016	5.13212756752261	6.06929241021892	0.00213708295971456	0.036919370185935
ENSG00000129173	6.83252399682256	6.95669923616411	1.4853671853273	8.89331597411541e-08	2.95979166763026e-05
ENSG00000129195	5.26569836114733	5.27341035103438	3.82648250143688	2.88817402330662e-06	0.000336041194365339
ENSG00000129474	3.17730366762805	3.1799991354814	3.159311001088	0.000941935107063111	0.0213584169954067
ENSG00000129810	5.76164504863654	5.8018286953665	1.9776294318441	5.50975498308322e-07	0.000101505669283764
ENSG00000129988	7.56846381740689	7.67381579380489	2.44053686499665	0.00123138441736597	0.0254436913773205
ENSG00000130201	4.39293561456723	4.42024214919281	1.14466238380464	0.000187756910674823	0.00702531051507935
ENSG00000130208	3.42784967891602	3.42810828492896	6.80640867694426	0.00243433214468772	0.040267424249413
ENSG00000130513	5.12998802963842	5.13365157872541	4.75918609732816	0.000610094196529624	0.0160043623250499
ENSG00000130600	6.27968748761402	6.29185170725618	4.19846460854196	0.00020962322153561	0.00762315203966897
ENSG00000130635	5.70600879090556	5.7063834703779	8.62999371171223	0.000809575500182897	0.0194410896730488
ENSG00000130675	7.50915130998057	8.12604481699647	0.151607817752041	0.0008373281510169	0.0198312832155465
ENSG00000131080	3.98090092753439	3.98566406579654	3.19768398824215	0.000381935278352468	0.0115799321705508
ENSG00000131203	6.76544113815234	6.88726031690521	1.45261029816933	0.000381356077479495	0.0115769151872832
ENSG00000131668	4.78639979936587	4.87803354975531	-0.129459118058806	0.000578147981192917	0.0153837082448841
ENSG00000131747	7.16480490543099	7.17027977894433	6.23400877708106	2.62890905437021e-09	2.05302704649308e-06
ENSG00000132432	4.79065620768422	4.79083914681048	8.73111727491872	0.00143891658396121	0.0283022109513608
ENSG00000133048	6.50215100288183	6.50221058841286	12.086797152255	4.80961342112421e-07	9.65466795597486e-05
ENSG00000133110	7.55083427631823	7.55314819530562	7.86346403072172	5.09706436148601e-05	0.00275812895291711
ENSG00000133937	6.66844463303286	6.85213357254434	0.78663304599384	7.0146959454612e-09	3.76205937661691e-06
ENSG00000134013	5.47160475319849	5.47249872490233	7.13827375417003	0.000175676593101794	0.00676419603003327
ENSG00000134028	9.3578138062194	9.98694392994815	1.90926279712318	1.8605277453448e-09	1.66824698669692e-06
ENSG00000134242	3.51091498087439	3.52163798119134	1.54639450913628	0.00248279515847411	0.0408855197193564
ENSG00000134339	9.20578630752239	9.27598774256181	4.63380082625524	2.82409145709716e-05	0.00179832778959322
ENSG00000134460	6.45726444818917	6.48587099307687	3.15487558315376	2.04659780698002e-05	0.00143166931807698
ENSG00000134668	5.06799243023646	5.06941156400686	6.06208585483336	1.84388052097876e-05	0.00134036784618378
ENSG00000134690	4.20504883071766	4.2092548320219	3.60996420219261	3.71843879891851e-05	0.00219415163748409
ENSG00000134871	3.91537908687281	3.91548092751866	8.66823566871059	0.000555702342830469	0.0150182758587576
ENSG00000135046	4.3242432525936	4.32442515130302	8.2583446925374	2.34398489641004e-05	0.00158016009748491
ENSG00000135451	5.97341232258152	5.9937524235964	3.15457433253435	1.11628169569441e-06	0.000173342968293387
ENSG00000135476	4.25947147230041	4.26621454477878	2.98920896421033	6.27774115034232e-05	0.00317956520013952
ENSG00000135842	3.65826687220356	3.65882236927771	5.95008521092449	0.00100758257873792	0.0224533683797424
ENSG00000136231	5.8294173177059	5.85082309918306	2.9372205724758	9.82814506830849e-09	4.65083241330504e-06
ENSG00000136286	3.67070223944627	3.67311526017755	3.84925105489436	0.00274607285587324	0.0437939621966375
ENSG00000136518	3.08696771202328	3.08752827249402	5.32170604295082	0.000320287025437616	0.0102111057753123
ENSG00000136542	7.17146420308225	7.21290720417255	3.35289310305455	1.35354863225018e-05	0.00106753407486033
ENSG00000136574	7.5965104210728	8.22517175459644	0.175116170123213	5.45563031181854e-05	0.00288212904474848
ENSG00000137078	4.00518172354874	4.05110874961152	0.0197293412298756	0.00167521763880662	0.0315365833224616
ENSG00000137310	3.88954079420649	3.89122079402023	4.59967268324498	0.000332117462158192	0.010463867926535
ENSG00000137404	3.3753705345539	3.37694543780873	4.14749374924095	3.93624154156089e-05	0.00227266156373279
ENSG00000137441	9.32875652717676	9.34357816544463	6.97239987676185	0.000942517365546871	0.0213584169954067
ENSG00000137745	7.20120924785623	7.54584736165867	0.51504181095723	0.000847623732323191	0.0199889297978259
ENSG00000137752	3.10857816302255	3.10969337708122	4.35440261649593	0.00203022997665369	0.035816937322047
ENSG00000137804	5.36275595897872	5.36617044767964	5.09694912031685	2.27842222387799e-07	5.55428706576479e-05
ENSG00000137807	4.24745643060041	4.25145245189551	3.72644142878641	0.000271095288779982	0.00906179182744609
ENSG00000137812	5.42220810207038	5.43493404076338	3.26650199562336	1.41275491934214e-06	0.000202948971567876
ENSG00000137869	5.49313875055098	5.53121267598833	1.78328200666086	1.16041321188055e-05	0.000960202069629674
ENSG00000138136	5.63572301185237	5.98163342409563	-1.01482498823835	0.000344727530015035	0.010818796111031
ENSG00000138180	5.81680813900438	5.83693668362821	3.01383599078066	1.16788022033267e-07	3.63866563377795e-05
ENSG00000138755	6.56964127600336	6.58388257787962	4.26418689299486	0.000444900716090169	0.0128743811536213
ENSG00000139146	3.73622796985498	3.73830832992507	4.13154701783362	2.34265984103658e-05	0.00158016009748491
ENSG00000139239	3.01787372513675	3.02097065490617	2.78877682905204	0.00110104745279875	0.0237044417714942
ENSG00000139329	4.85419631857926	4.85546697859165	6.00145779560379	0.000656281036630264	0.0167729641639004
ENSG00000139354	3.25980864799037	3.26242327974077	3.29308640086219	0.000388700053412981	0.0117114695244306
ENSG00000140030	4.60591543168006	4.61178885886016	3.54378936856293	3.2037311669116e-05	0.0019674007120164
ENSG00000140682	3.63299666653362	3.63403506885251	5.02207190774839	4.2706065503048e-05	0.00242120206583581
ENSG00000140931	3.11652119364647	3.11692432448349	5.82927112590172	0.000472399542672426	0.0134444464184626
ENSG00000141756	3.16125823742288	3.16139060599313	7.48360365431166	0.00149507523255511	0.0290860071077573
ENSG00000142173	5.57103213194044	5.57116773764423	9.95912292801377	0.000858594142441404	0.0201177777026028
ENSG00000142227	3.7780071635623	3.77843781103532	6.44407100541132	4.30632868502639e-05	0.00243393293874536
ENSG00000142700	5.03544839088344	5.04854173708722	2.83388630908921	0.000206046830436179	0.00754587891615592
ENSG00000142945	4.67171562575814	4.67591649880353	4.09275555517468	8.42954765153397e-06	0.000759684959974117
ENSG00000143185	4.13513987140877	4.46656468293846	-2.28788191339584	0.00139935400546125	0.0279696998532408
ENSG00000143226	4.03975021474129	4.0401667720228	6.76703581821946	0.000638812550264205	0.016519292138643
ENSG00000143228	4.74097990204497	4.74923500616994	3.19437106210718	1.16175936161376e-05	0.000960202069629674
ENSG00000143355	5.89912590393338	5.93146623829368	2.41850310045986	5.36779365584885e-05	0.00285344343811137
ENSG00000143476	4.79143744008294	4.7980562093322	3.56515887928299	1.76229345048156e-05	0.00129671236305592
ENSG00000143768	4.55771229698957	4.56860896967801	2.61205052268112	0.000674787257142811	0.0171424375409311
ENSG00000144191	4.10536306859346	4.10697745169831	4.88274544004141	0.0032219461669376	0.0488565427140951
ENSG00000144354	3.90056503532224	3.90340365679294	3.85539613900868	8.57276834389993e-05	0.0039408607849844
ENSG00000144810	5.81274938549871	5.81485302188209	6.25061296420897	2.67414474312658e-05	0.001744265114341
ENSG00000144820	9.45284949972903	144269485.027397	0.528007762002223	0.000249911816144943	0.00853093602665071
ENSG00000145386	4.0585024920518	4.06159257744306	3.90106332087835	8.6981087128421e-05	0.00397576052416158
ENSG00000145703	4.24409971715802	4.24651318337426	4.44940801506109	1.32207225304891e-05	0.00105303273119083
ENSG00000146410	3.3351317920001	3.35128625667593	0.78161782969349	0.00274301789586954	0.04378306474796
ENSG00000146648	4.8057516867724	4.80584710012966	9.68559466849082	0.00107192310754397	0.0233570896529042
ENSG00000146674	5.14262025272598	5.14282119288328	8.95589071061823	0.00129985660194504	0.0265179537035854
ENSG00000146677	3.72707525757502	3.73414268721053	2.36758335745388	2.03087365664532e-05	0.00142479955899646
ENSG00000147614	3.99148789810652	4.09134073947167	-0.984332348027674	0.00183860727090868	0.0336158696031137
ENSG00000148735	5.93603104954483	6.04185048966128	0.809247050846606	6.52712889788515e-05	0.00323580907433663
ENSG00000148773	6.19598678980381	6.20118964339342	5.33323902890351	5.06474212686884e-07	9.91811592718117e-05
ENSG00000148848	3.93138820964035	3.93226607435366	5.5792182258686	0.00174521582405771	0.0323743571850952
ENSG00000149257	4.1453761258666	4.14565932769069	7.43386891708485	0.000195103504220905	0.00719596636386957
ENSG00000149418	3.95870403994812	3.96090596219984	4.28321232294852	0.000230592763510581	0.0080884174441622
ENSG00000149948	4.84299287780724	4.8588150909281	2.37426224957821	0.00276077009652953	0.043950148753063
ENSG00000151388	4.86900441171502	4.87843659769456	3.13376450325196	1.17938431717608e-05	0.000970732378618885
ENSG00000151725	5.1776585609859	5.18542657585169	3.72645791342475	2.4685690027974e-07	5.898657852823e-05
ENSG00000153976	4.22235565875032	4.23722227085509	1.82253785242295	0.00287012971954961	0.0452079285332743
ENSG00000154451	3.89033242093993	3.89519607496011	3.07342744346751	0.00105971842727396	0.0232080258836931
ENSG00000154545	4.07280396167279	4.11624960336815	0.160538961270886	6.46453388562931e-05	0.00323012548231424
ENSG00000154839	5.06906653211733	5.08815614709594	2.33144503502866	4.65344124209413e-06	0.000479940815968802
ENSG00000154997	4.05069220606918	4.27901529446791	-1.96023924919599	0.000875285530653017	0.0204295367473693
ENSG00000155659	4.07734433592772	4.07756466129423	7.72482951227976	0.00166098843527031	0.031366427931779
ENSG00000155660	2.9824285533788	2.98253038168514	7.66536242165074	0.00273889441483605	0.0437461798859386
ENSG00000156234	8.73828266771959	8.82144261978061	3.93151393121	0.000490090849462646	0.0137373432763432
ENSG00000156869	4.75770544181072	4.79063398893026	1.24210796424587	2.73776650500468e-06	0.000323340095192657
ENSG00000156970	5.03227624081477	5.0406900935189	3.46201609238752	1.04933498973088e-05	0.00088858423305842
ENSG00000157150	3.66589241951158	3.66663339988304	5.54318185215327	0.000628527958545582	0.0163281956421303
ENSG00000157227	4.7927815499324	4.79301964786244	8.35322251236696	6.27770394338638e-05	0.00317956520013952
ENSG00000157456	5.67517869574529	5.68423509212639	4.01359536444961	1.17600032914013e-07	3.63866563377795e-05
ENSG00000158104	5.81940929237404	5.84199251101287	2.8501969638809	0.00018139610790682	0.00687924903736212
ENSG00000158164	4.65547419771704	4.67104694959521	2.20035393161078	0.00212939335246832	0.0368460483445119
ENSG00000158402	4.33775468911063	4.35470542727356	1.75606771488581	0.000179532125026004	0.00684491043503567
ENSG00000158710	3.35246500760017	3.35253369107353	8.63754257795081	0.00146171029741611	0.0285874524455758
ENSG00000158714	4.42231511131827	4.42577643595427	4.11523513998055	0.000299367104082589	0.00973709661715526
ENSG00000158869	3.53596597380063	3.536359166959	6.3182396213682	0.00150731750636453	0.0292440547435529
ENSG00000159217	4.30667326288086	4.53669701229144	-1.73289691584009	0.0010449102928487	0.0229880264426714
ENSG00000159403	3.90105324731132	3.90115080726563	8.71508262883101	0.00118299521589052	0.0249043922252685
ENSG00000159556	4.28236868899936	4.34381501204661	-0.0981836930649537	0.00016884577210733	0.00653032670518957
ENSG00000161888	3.71636584991359	3.71959753628202	3.47619088129223	0.00142609698799316	0.0281697936193423
ENSG00000162458	3.48186886050973	3.48283740994953	4.96115013516777	0.00187148266270711	0.0339852239140508
ENSG00000162493	4.48342233473108	4.48368633306338	7.88578337173216	2.06155088971946e-05	0.00143796153677715
ENSG00000162645	3.49585915951971	3.49627535839174	6.19346625571528	0.000656604162874783	0.0167729641639004
ENSG00000162692	3.18163207508206	3.18201163890311	5.98725549978048	0.000245659349367257	0.00843348895822103
ENSG00000162723	4.62070665368628	4.6943531230106	-0.000799178722393042	0.000283818930435034	0.00940890943285594
ENSG00000162739	4.21159664965363	4.23502927711493	1.17451822581685	0.00197927658727783	0.0352270362517427
ENSG00000162777	3.60341967625329	3.60644279084848	3.45412474779601	0.000707463509364083	0.01771153976659
ENSG00000162840	3.98090941166261	4.00232321489489	1.06211434981843	0.000235747312099398	0.00821369691345175
ENSG00000163017	4.73775409495576	4.74052944218888	4.75716532848908	0.000965602814674926	0.0217589713626187
ENSG00000163041	3.02080688293468	3.02135394945534	5.28377878947821	3.33021070394514e-05	0.00202957841234879
ENSG00000163064	7.2037270655261	7.34916078231019	1.65936579729166	4.39582539528881e-07	9.01040781712424e-05
ENSG00000163191	3.84993763544987	3.85016543896487	7.43820455081607	0.000395326849548013	0.0118079433007324
ENSG00000163220	4.05304952972223	4.05368912967022	6.16282913605329	0.00310346944098315	0.0474045136004351
ENSG00000163297	3.34590361143243	3.3467104502455	5.07804645895491	0.00143219908171334	0.0282391279722791
ENSG00000163359	5.79252058245621	5.79283650461328	8.96371079869372	0.00240147505408245	0.0400256898862056
ENSG00000163430	3.44729463078968	3.44738711508639	8.31040189549789	0.00137054118437475	0.0275409166891758
ENSG00000163453	3.53724592890412	3.53729074891425	9.45165485990753	0.0032441563001341	0.0490488944083316
ENSG00000163661	4.45736495255939	4.45873141420011	5.48924922668646	0.00116685050520124	0.0246807800986211
ENSG00000163694	3.50847099845527	3.50997935903905	4.35199577494397	0.000955777329342927	0.0215576916508058
ENSG00000164047	8.32578257443913	144269483.897865	-0.595365021918736	0.000218904103254137	0.00784997270124122
ENSG00000164107	6.06145812517651	6.24210657409817	0.226942697796884	0.00138765681166051	0.0277922900353649
ENSG00000164111	3.12065484944757	3.12070115623244	8.95419858529546	0.000558796960432635	0.0150345661572812
ENSG00000164294	5.73550376649167	5.74109651482999	4.76586817502213	1.44023371664096e-07	4.18778319486904e-05
ENSG00000164649	3.44496912299705	3.44606109256005	4.74845695289733	0.000392504714208561	0.0117781705209655
ENSG00000164692	5.93798799383373	5.93809777544575	10.6356712877157	0.000601522244425402	0.0158484037630597
ENSG00000164778	4.04421635886198	4.05820642635881	1.72882622700151	0.00136525339109034	0.0275263369595441
ENSG00000164879	5.37876811142492	5.38449425637384	4.36891045275848	5.80927362173854e-05	0.00298936054556584
ENSG00000164920	4.40156986156356	4.45122560431613	0.311025057063722	0.000140373261113793	0.00567465374157502
ENSG00000165304	7.16839708138029	7.20055826105674	3.70412796661361	1.1763980343681e-09	1.23439957223651e-06
ENSG00000165480	3.86974129148967	3.87601064092651	2.68853784035542	0.000743075817045839	0.0182435318093431
ENSG00000165891	4.81724429140218	4.82797018723069	2.8997262808864	6.74643075473014e-06	0.000641017164703375
ENSG00000166130	3.62758758697804	3.6288889260516	4.6913311112813	0.000241101707904765	0.00833074693246587
ENSG00000166483	3.93596348990504	3.93703961408045	5.2907814634376	9.95020742274875e-06	0.000854584718649887
ENSG00000166741	6.49609900733438	6.49735227214468	7.68702601171701	3.569095391881e-05	0.00212158985683882
ENSG00000166803	5.60809499282554	5.620276315176	3.51941737468464	2.2740668605657e-07	5.55428706576479e-05
ENSG00000167553	4.22035745477348	4.22089181816462	6.5962384137573	3.84539917454799e-05	0.00223626177538653
ENSG00000167900	3.81862376025302	3.82096850959395	4.04665008492477	0.000273229475542813	0.00910790077727936
ENSG00000168078	7.06695480320202	7.09307955465036	3.89353252007899	9.62344760833878e-09	4.64504569159296e-06
ENSG00000168333	6.78758223805247	6.94395429612199	1.10068545708993	0.0031839053664545	0.0484186339722829
ENSG00000168447	7.83774916712372	7.91494315943957	3.13303416214688	0.000209736179429029	0.00762315203966897
ENSG00000168542	7.28251296030192	7.28288683329088	10.2224917399825	4.27377177445122e-05	0.00242120206583581
ENSG00000168779	8.10439762194977	8.18830937042786	3.30149386931048	4.77825095429174e-13	3.84394361769589e-09
ENSG00000168938	3.19695224177092	3.19827989670308	4.19946812436643	0.00262411636863148	0.0425607691132743
ENSG00000168995	4.50752531909689	4.52063727250563	2.29603084767995	2.44803885508579e-05	0.00162478410704304
ENSG00000169105	2.77194309824736	2.77253959755201	4.88193446855067	0.00129343426851371	0.0264316195057663
ENSG00000169245	5.51118612730553	5.51498203974931	5.09557518430475	0.000841106465320715	0.0199012386608335
ENSG00000169253	4.91616378412728	5.15022259465335	-1.19971849352239	5.5068138446703e-05	0.00290177828225487
ENSG00000169385	4.31720270662148	4.32195224037772	3.55244423251912	0.000767245083190147	0.0186848565466307
ENSG00000169495	4.38243940283142	4.52441486263392	-1.07266782218012	0.000894665408297154	0.0206818534136432
ENSG00000169607	3.86853354314048	3.87313134649892	3.13072976402191	0.000759318040064797	0.018529202809832
ENSG00000169679	5.39443468878323	5.40279522024965	3.84019125736224	6.0287536278684e-08	2.273405313359e-05
ENSG00000170162	6.58346848135421	7.20765356304038	-0.781383518223448	6.56374250488619e-05	0.00324609347567466
ENSG00000170166	5.26388358836138	5.87654911525616	-1.92592140501446	0.00175686115514248	0.0325403584944042
ENSG00000170312	4.54919564202127	4.55274987170851	4.20767683865528	6.71415224220679e-06	0.000641017164703375
ENSG00000170439	5.01843274034928	5.02008437544047	5.7924206387924	4.40551969180683e-07	9.01040781712424e-05
ENSG00000170689	8.28683761202628	8.63239691413607	1.57245926226408	0.000354787521940216	0.0110768978712874
ENSG00000170891	3.7959719739853	3.7995234027071	3.42415769999686	0.00186105907338959	0.0338723979465946
ENSG00000170961	4.12364316013424	4.12677288870935	3.95232146882995	1.56006562445727e-05	0.00119848297745632
ENSG00000171049	4.62244165388032	4.63742822034976	2.22548566764295	0.000885669372436049	0.0204935231393783
ENSG00000171227	3.90314980331269	3.90804541236078	3.0763912222298	0.00054632182686218	0.0148646346893933
ENSG00000171320	5.04205980673955	5.06143517329228	2.28576898382268	2.1115181823892e-06	0.000262677215534953
ENSG00000171540	5.48087360300977	5.5890025980508	0.307580489964146	1.96500563918444e-05	0.00139071689431311
ENSG00000171657	5.61565872406917	5.66350354494099	1.58137307136872	2.15856148352159e-07	5.48789473057985e-05
ENSG00000171658	4.90747534790572	5.13880943428243	-1.19774233525899	0.00247876216385006	0.0408623265453261
ENSG00000171848	7.34534336099658	7.3585760840456	5.15191705474871	2.23456145700161e-12	1.34822265508192e-08
ENSG00000172061	6.43289081547036	6.47609240268944	2.55317593618002	0.00129849421262463	0.0265125713430482
ENSG00000172322	4.33705684500302	4.37467594193227	0.625472039493751	0.000741868209378821	0.0182435318093431
ENSG00000173077	4.42208479155563	4.4753675862383	0.233399053354521	0.0028311636689139	0.0447488425839846
ENSG00000173281	3.38573443185831	3.38668147733178	4.89052873497539	0.00308445116714811	0.0472895856991485
ENSG00000173432	10.4854641492921	10.520926018927	6.88097878286993	1.85111016415518e-05	0.00134158236341505
ENSG00000173535	4.10697298956124	4.11644046418498	2.34697097073241	0.00251645878170697	0.0412582990745353
ENSG00000173917	5.12819867311631	5.15441874984469	1.94157585083832	3.19822569523014e-05	0.0019674007120164
ENSG00000174279	4.50571841952479	5.115055177034	-2.58638861180879	0.00218885691169551	0.037621812296941
ENSG00000174343	4.33916035062403	4.34325168425131	3.78945037385607	0.0026828828348834	0.0431657962247174
ENSG00000174371	3.44144827962827	3.44681543884451	2.45818259567091	0.00242836678539515	0.0401962990389071
ENSG00000174807	3.58909584716451	3.59000690877973	5.16374774144287	0.00279139374952312	0.0442624814395473
ENSG00000175063	7.01461776693768	7.03434213775421	4.25406384729669	2.12864820952778e-09	1.83474271031227e-06
ENSG00000175183	3.41818868901137	3.41852031248778	6.43753233210274	0.00139999160614547	0.0279696998532408
ENSG00000175857	3.73049301221105	3.74001847878872	1.94384328752583	0.00215227680894419	0.0371021775050422
ENSG00000175877	7.05634732171153	144269482.622014	-1.743157498285	0.000480916983775411	0.0135906914361075
ENSG00000175879	7.73667517974207	7.91165954499427	1.93765817761052	0.000209460180436058	0.00762315203966897
ENSG00000175886	3.28122617512241	3.30259764572341	0.334168316649019	0.000778626353130203	0.0188857973934114
ENSG00000176826	3.90623717572562	3.91280195766972	2.66119839968341	0.00211797792727276	0.0367735822279142
ENSG00000176842	5.10438494250139	5.20608410345046	0.0565900622750088	0.000882563779710473	0.0204911061390523
ENSG00000176887	4.12836528918473	4.12913493575427	5.9744866398128	0.00253438535274464	0.0415196493897707
ENSG00000176890	3.39604265278289	3.39689444368261	5.05441354745529	0.00130754506101488	0.0265986041114727
ENSG00000176933	3.74347627148348	3.80858917788676	-0.708151195904124	0.000162413483884376	0.00635281526752921
ENSG00000177363	3.71501091165501	3.71784241792537	3.66424396649931	0.00193584256663018	0.0348134310753001
ENSG00000177508	5.9684395115042	5.98629429376966	3.33397225813937	0.000758585836379284	0.018529202809832
ENSG00000177575	5.51003192609491	5.51039042374657	8.49489396498962	0.000227987759856394	0.00802947411558085
ENSG00000177602	4.23573096588376	4.26749507477635	0.776804241360263	0.00018185799642981	0.00687924903736212
ENSG00000178172	5.16314978324952	5.77837109009324	-2.04519470992316	0.00152903986018273	0.0295451144801041
ENSG00000178429	4.46844042836555	4.48981909008082	1.55964707603341	5.62479162362799e-05	0.00293828400529519
ENSG00000178458	6.16383551024293	6.4028715191986	-0.0456166325044531	5.22925428200384e-12	2.10338038069801e-08
ENSG00000178464	3.80084077401517	3.80655154355537	2.75369150234372	4.15196643804314e-06	0.00043948928954269
ENSG00000178776	8.98523430152771	9.59764073497244	1.59726442028106	0.00158550643567344	0.03034465687434
ENSG00000178999	6.50156445207461	6.52910833715404	3.25551861929969	1.95028831594073e-08	8.40504611016315e-06
ENSG00000179101	3.67912577278156	3.7795720084722	-1.31804015949762	0.000393312212133815	0.0117781705209655
ENSG00000179172	6.2201123935723	144269481.777112	-2.41094006014732	7.89976675088277e-06	0.000717413317982306
ENSG00000179593	4.12379837364599	4.13100575011004	2.75376569351501	0.00303449516671378	0.0468251319395591
ENSG00000179750	5.25984749992624	5.29427831017618	1.69127400265123	1.08100191955625e-05	0.000905864594672584
ENSG00000179869	6.52151912364017	6.56313364730772	2.69412125495874	5.36352891025458e-05	0.00285344343811137
ENSG00000179873	4.85041886699978	5.19186578954217	-1.71333257453368	0.00223910444050753	0.0382438404580387
ENSG00000180061	4.42479387117305	4.46190776408719	0.743889974024816	0.000474466483866982	0.0134556687680914
ENSG00000180172	5.34068066017193	5.95834761061294	-1.89691432613577	4.14712708445599e-05	0.00237735783981617
ENSG00000180211	3.0763936285945	3.09285746013773	0.484167412742913	0.00203853779313754	0.0359372323590806
ENSG00000180574	3.9439340894746	3.97517549833266	0.505120327090662	0.000235853648836582	0.00821369691345175
ENSG00000180581	3.18244379260732	3.20568751248476	0.117544687439806	0.00127309099228575	0.0261043143651863
ENSG00000180785	4.0184916978787	4.04754493792352	0.67719604379459	0.00277278089792493	0.0440831977539659
ENSG00000180806	7.08837799215564	7.43374536138971	0.394491581553566	6.52953931881139e-05	0.00323580907433663
ENSG00000180818	9.90076650370364	10.5258107134629	2.47725317974128	1.71479199951695e-07	4.76985436488453e-05
ENSG00000180871	4.90699726023157	4.92534559874627	2.22387517819857	0.00214551090528883	0.0370384550702723
ENSG00000181104	4.50281049225389	4.50384254622799	5.9405154521277	4.41891947795567e-09	2.80647901792058e-06
ENSG00000181458	5.31829613654655	5.32101940069838	5.3771698980317	1.09901747494021e-06	0.000172231738572772
ENSG00000182383	4.48388210349865	4.8181290667129	-1.98423676403645	0.000613049956223455	0.0160644382665547
ENSG00000182718	4.69828653116041	4.69842720854859	9.01519995747024	5.50433790051675e-06	0.000551210335647599
ENSG00000182742	7.921800479083	8.16386139920039	1.6562476029473	1.79910309176879e-06	0.000238568978114
ENSG00000183022	3.45528900705895	3.59211847064646	-1.89914102162751	0.00275982275909557	0.043950148753063
ENSG00000183072	9.8871519576238	10.5138655171119	2.45845570028608	4.30623591067101e-09	2.80647901792058e-06
ENSG00000184106	5.34214093259825	5.57557375911318	-0.779801869723891	0.000364153674795628	0.0113107912323265
ENSG00000184500	3.51746282881526	3.51788145255728	6.20796041121574	0.00223373439610304	0.0381991345337822
ENSG00000184661	6.08964650487326	6.12505745172506	2.4969827870909	7.31772323689845e-07	0.000127975313477759
ENSG00000185607	4.05607478035636	4.0926655943846	0.393721078927552	2.68844298570788e-06	0.000319988707155294
ENSG00000185686	8.60185700794787	9.23875926600877	1.0986398329069	5.94992951132787e-05	0.00303584775531473
ENSG00000185834	4.5119017190027	4.53582118438172	1.45684080973377	5.23592778870688e-08	2.00577589289923e-05
ENSG00000185839	3.82052427580534	3.86542710301478	-0.117880358395453	9.28475243644978e-05	0.00418837785609867
ENSG00000186185	4.03576411937654	4.03959464739637	3.57005004536879	0.00185204750589972	0.0337535477259906
ENSG00000186743	3.39536051297946	3.56388448892177	-2.19091547067282	0.0029306703140285	0.0457320959621356
ENSG00000186832	4.41228035355111	4.46855483252576	0.145561121532806	0.00224631230314305	0.0382856646356317
ENSG00000186871	3.95212513928498	3.97088098457026	1.21749627012087	0.000869950149550808	0.0203246630292925
ENSG00000187037	4.75632696975983	4.82534538307255	0.209619701389027	0.000726968778047141	0.0180533978790044
ENSG00000187140	5.65004111914367	5.79637043565199	0.0978426160067919	0.000183696879883777	0.00692709452986732
ENSG00000187243	4.84424088799905	4.91269348466721	0.304993701551973	2.59072808577836e-06	0.000312926964994658
ENSG00000187474	4.90780808651758	4.91173622880839	4.43074038417674	1.35298368422594e-05	0.00106753407486033
ENSG00000187498	4.94536622927152	4.9455701201122	8.73338796459181	3.87690202237721e-06	0.000415728493746833
ENSG00000187653	4.48787059718249	4.4904816030007	4.58803395428913	3.80643695438944e-09	2.70189851344808e-06
ENSG00000187840	3.56830141937445	3.56938908272157	4.88684998785538	6.27899243462808e-06	0.000611037110553686
ENSG00000187951	4.03412179860473	4.04018845576741	2.90653096859879	0.00212978525899537	0.0368460483445119
ENSG00000188060	4.76947438190812	4.77979935432651	2.9014945067238	7.93703980447553e-09	4.07558550300452e-06
ENSG00000188219	4.99883507775936	5.14454389123321	-0.538603474753839	3.02408554118895e-07	6.69571380284901e-05
ENSG00000188257	7.77759304357288	7.78440005069122	6.53819854267111	0.000639990807559097	0.016519292138643
ENSG00000188375	3.60861538851822	3.63848237407279	0.218199364943883	8.45896373018735e-06	0.000759684959974117
ENSG00000188460	4.19282483774791	4.23616111072941	0.293688077260401	5.18292942687857e-06	0.000521186744951198
ENSG00000188488	5.17754667017275	5.18260605125861	4.34481837550475	0.000151080465112146	0.00598664103876094
ENSG00000188512	3.38387269914807	3.52043730289806	-1.98494834783377	0.00328641429660036	0.0494077507860777
ENSG00000188523	4.2842654727744	4.33098336994988	0.273442222957539	0.00160966026356604	0.0306945534301341
ENSG00000188641	3.63005089988445	3.63058538730905	5.97574499101026	0.00136977091294549	0.0275409166891758
ENSG00000188765	5.01389639022232	5.07617933216334	0.620215425832385	2.33395066137854e-07	5.63275652617098e-05
ENSG00000188856	4.80470198056826	4.9096482673591	-0.296019334542035	2.19289568665985e-05	0.00151638227167582
ENSG00000188873	3.99200623511745	4.05755703387848	-0.464560496912479	0.000375133621952474	0.0115092842029835
ENSG00000189057	6.57829284609034	6.60797367994767	3.22470713259425	5.23351283895814e-07	9.97221123518341e-05
ENSG00000189320	5.34794704999831	5.35695107030907	3.68913463596727	0.00174127854413289	0.0323261664493101
ENSG00000189343	3.40154428465238	3.40510899678268	3.00247808743341	7.74966761246291e-05	0.00365293902654648
ENSG00000196154	4.57115252259972	4.57254969188308	5.57378428387819	0.0001202382209141	0.00503789795753625
ENSG00000196183	4.73815547907888	4.88262441816911	-0.759987794799512	3.96492581292742e-07	8.39381750606933e-05
ENSG00000196205	3.66576442326045	3.66621151462302	6.27129320133685	1.3487412840778e-05	0.00106753407486033
ENSG00000196604	6.46541403125966	7.09017262861617	-0.893066474247277	2.4164072642318e-08	9.88433439236786e-06
ENSG00000196656	6.39332645641383	6.7402618449422	-0.312382032995794	1.15881392894796e-06	0.000177005160514114
ENSG00000196735	4.024489614446	4.02499410606414	6.47481949612165	0.000515770464449842	0.0142421102849342
ENSG00000196834	6.07367721914124	6.69704859725419	-1.26385242693936	2.70519563033097e-07	6.21782774689597e-05
ENSG00000197520	3.68918361204602	3.70135613030412	1.55299712171437	0.00248355730125866	0.0408855197193564
ENSG00000197576	8.08733500373864	8.43517075924127	1.35556185549277	2.60500256390726e-05	0.00170377051158097
ENSG00000197587	4.9751901051841	5.0639085064813	0.103622949868016	0.00287162320549886	0.0452079285332743
ENSG00000197646	4.70051448490559	4.71097968246492	2.81437410731353	3.21839823386748e-06	0.000359596402667397
ENSG00000197744	3.32031675023197	3.33108974741328	1.34510288966694	0.000141059396582524	0.00569285531291409
ENSG00000197747	3.71331894326002	3.71350141372397	7.61390474505584	0.000263897209934199	0.00889510511808933
ENSG00000197757	5.99148094895686	6.11707695280505	0.613419936619275	7.90718250531587e-06	0.000717413317982306
ENSG00000198353	4.87357635959067	4.89505513995843	1.9693883784713	2.06176617808614e-06	0.000259513326762882
ENSG00000198826	3.38378426615206	3.38566407481567	3.90101652794755	0.00161051959675011	0.0306945534301341
ENSG00000198868	3.37110130786206	3.40141943033192	-0.0385553816746048	0.00113290315675003	0.0240894139074936
ENSG00000198885	3.07516969610579	3.07782745965716	3.06943510676693	0.00130638648445283	0.0265986041114727
ENSG00000202111	6.34285193939095	144269481.901559	-2.32102987461116	0.00143065542422565	0.0282317563436318
ENSG00000203446	4.81353202283897	5.42617275663898	-2.33427816538881	0.00195958846758276	0.0349891527631086
ENSG00000203710	5.12857792331279	5.13699143692271	3.5638915445418	0.00291801810349612	0.0456998370602046
ENSG00000203914	3.55980961741424	3.63800856298405	-1.12125035934886	0.000599946255503276	0.0158241562079957
ENSG00000204072	6.37706175941874	144269481.936189	-2.28906376195909	1.27435358717571e-05	0.00102517498242995
ENSG00000204277	5.03155717673737	5.268069692904	-1.11401352950359	0.000458898856128652	0.0131846011831058
ENSG00000204287	3.83955154503462	3.83959632041792	9.773801996953	0.000597528983299644	0.0157776416662512
ENSG00000204362	6.24768440617608	144269481.805134	-2.39401874313045	4.78126544001831e-05	0.00261657732719732
ENSG00000204397	3.48189806604559	3.48641185018628	2.74889846645447	0.00186615634925233	0.0339140190759455
ENSG00000204434	6.09262350262764	6.43745027842165	-0.56367388043304	7.41655942435092e-10	8.5233926260612e-07
ENSG00000204542	10.3049983220401	144269485.880464	1.35605280514472	0.000456838409697594	0.0131410466980235
ENSG00000204577	3.73151461828347	3.74067272166032	2.00382718600634	0.00313747446753085	0.0478029095955742
ENSG00000205403	3.85840034647134	3.85907047351399	5.89156053728461	0.000139136797964756	0.00565307656916063
ENSG00000205929	4.28665153633701	4.28865650420367	4.76028737520239	0.00029309695081764	0.00959853108442411
ENSG00000211592	6.63915814978244	6.64144070028546	6.96638756953119	0.00303073415872886	0.0467970173939619
ENSG00000211640	7.58931274774609	7.83360002131971	1.29640498348779	0.00139534889502138	0.0279231759804693
ENSG00000211651	7.13190135775712	7.36954171016156	0.90717767914081	0.00190589020656274	0.0344134287571481
ENSG00000211659	7.98418460225205	8.16838918482046	2.08044653220924	0.00322956823795813	0.0489280601725559
ENSG00000211666	8.20241402728009	8.29905443582379	3.17844661549267	0.00175405951765235	0.032513419661307
ENSG00000211673	9.75150011274049	144269485.326429	0.793329192613258	9.72625933997703e-05	0.00432290134274412
ENSG00000211677	7.05028917077138	7.07563170112377	3.91910045301719	0.00128492710789035	0.0263246441611424
ENSG00000211829	5.30403246974503	5.3229442392533	2.58332067689956	0.0020956302483335	0.036622693999479
ENSG00000211892	6.59826284436553	6.62812699058273	3.23306487657216	0.00204513233081639	0.0359532630778577
ENSG00000211896	6.95875544431973	6.96144745871832	7.05024293904291	0.000605246006508167	0.0159291244504559
ENSG00000211897	7.62832696905466	7.64223718795363	5.35860533101544	0.00223490419995444	0.0381991345337822
ENSG00000211955	7.49782553210672	7.73895162074798	1.23392605544093	0.00118453531830616	0.0249043922252685
ENSG00000211959	8.11903756605262	8.46677379698505	1.37982370473434	0.000358533020483887	0.0111778506483939
ENSG00000211967	7.86380329687491	144269483.434184	-1.01886054926118	0.00103571747310956	0.0228640792842828
ENSG00000212664	3.54328968069089	3.5678954916686	0.417352590532913	0.000202792242688359	0.00744929678088412
ENSG00000212695	4.55272824088813	4.78492112949035	-1.52078468617591	6.60864442272492e-05	0.00325495968363353
ENSG00000212802	3.11646404521072	3.1195548449453	2.89885538565658	0.00103170198135016	0.0228222691273189
ENSG00000213051	3.76931615391539	3.94158360372566	-1.88580108467993	0.00110331457526691	0.0237320801778
ENSG00000213087	3.81628467122838	3.86803594635673	-0.333033731664823	0.000317322990472554	0.0101523411309651
ENSG00000213169	3.55059535825634	3.60989971945558	-0.781175041160457	0.0006505433763099	0.0167023551530459
ENSG00000213235	3.52201378824969	3.54508112679893	0.483176137925169	0.00012331685759556	0.00514901218202636
ENSG00000213269	3.63204867914779	3.85593928523345	-2.30489854813844	0.00282782792133271	0.0447488425839846
ENSG00000213275	3.840046105525	4.01168658086332	-1.79891765640803	0.00260610797560259	0.0423540807294228
ENSG00000213280	4.55030212667291	4.60412119127131	0.337966699230199	1.15373455648951e-05	0.000960202069629674
ENSG00000213309	4.21630067827145	4.35941668013007	-1.27698847311379	0.000540855508038006	0.0147658448314358
ENSG00000213315	5.11571084191385	5.1841895827249	0.581410885392576	1.11705076933449e-07	3.54722411409456e-05
ENSG00000213362	3.41002754711612	3.42821121177324	0.698784850074181	0.000398423881798171	0.0118127296846647
ENSG00000213363	3.71248601176885	3.85141296738607	-1.685670001216	0.00146407097423951	0.0285915620307347
ENSG00000213394	3.79009358319541	3.96197122994098	-1.85681409519745	0.0020125407030547	0.0355828991410419
ENSG00000213399	4.17134592218399	4.22418037996761	-0.0116561172536506	2.44545117681729e-05	0.00162478410704304
ENSG00000213430	3.25118246367063	3.27839284880371	-0.0439868244842706	0.000396508127116731	0.0118127296846647
ENSG00000213432	4.98358741021294	5.32291159355769	-1.57005180999915	1.7643850878867e-05	0.00129671236305592
ENSG00000213442	3.71967552506065	3.72195056183013	3.98477707386251	3.50355245199343e-06	0.000387865756313804
ENSG00000213493	3.78160996964985	3.89928997473099	-1.43516576087794	0.000757747483496371	0.018529202809832
ENSG00000213526	4.64647788580678	5.2567560390531	-2.47387000690332	0.000194441756681385	0.0071863052921111
ENSG00000213539	5.07287137712246	5.4131825513842	-1.50769946938069	1.53056676629587e-06	0.000213518487501645
ENSG00000213553	5.76049186928631	5.76719156584277	4.53197911149623	1.99644892693661e-18	4.8182298402688e-14
ENSG00000213569	3.30114563591995	3.39923444145078	-1.65408694153343	0.00189840219876669	0.0343706216541899
ENSG00000213598	3.70568948915094	3.72757974774614	0.747267951975088	7.35553202152947e-05	0.0035152160357939
ENSG00000213621	4.18580633353948	4.22242384419155	0.526421979642308	1.36503650212895e-05	0.00106960360202533
ENSG00000213661	4.34032188398158	4.94479676429665	-2.69614917392269	0.00202391890368153	0.0357317182307609
ENSG00000213704	4.45236711359845	5.05906544156261	-2.61002260200412	0.00113267830516802	0.0240894139074936
ENSG00000213719	3.52653151696462	3.52667664174306	7.74546827820363	0.000525552809046883	0.0144461178741885
ENSG00000213740	3.52736016186937	3.58174390683438	-0.67388226237994	0.000241285825217272	0.00833074693246587
ENSG00000213750	6.22439459313951	144269481.781586	-2.41199698597195	5.82715698371078e-06	0.000579422590965288
ENSG00000213763	4.83805339172286	4.85852114843421	1.99804359927912	8.34969832480402e-10	9.15961906231001e-07
ENSG00000213772	4.39764237014737	4.62891426959359	-1.65446640043978	4.91870880041418e-05	0.00267360626552243
ENSG00000213791	5.01387298584245	5.62831159726688	-2.16896159152835	0.000146931092417792	0.00588065503219071
ENSG00000213820	3.7891287166277	4.11614510023799	-2.57322798481836	0.00325713221857147	0.0491604934102588
ENSG00000213851	4.96973334457999	5.58383426678952	-2.20041285640315	7.43927981212596e-05	0.00353424368082378
ENSG00000213857	3.9961482453766	4.06201972295781	-0.470745852318686	7.11925868641901e-05	0.00344321020316706
ENSG00000213862	3.53961393464394	3.56130250646296	0.586494443367569	0.000215280162235145	0.0077733816530068
ENSG00000213866	2.78397608277226	2.78859484311346	1.9579304695491	0.00303737542192648	0.0468396283915487
ENSG00000213867	7.03537519440978	144269482.600782	-1.73767207234344	8.64505999655849e-07	0.000140026763729492
ENSG00000213885	3.92592704483671	3.95322610420116	0.656722819646611	3.37001119746189e-05	0.0020435138251142
ENSG00000213886	6.15903636196022	6.23545404899442	1.46799459221027	1.73317635483892e-05	0.00128703009685177
ENSG00000214016	3.52363882007934	3.56145069194271	-0.207610687358529	0.000835711003852029	0.0198124257042877
ENSG00000214019	4.19750561659568	4.37322293862278	-1.52189571023449	4.64853877951958e-05	0.00255553154680924
ENSG00000214027	4.79491898867559	5.40689257924878	-2.34389039992134	0.000150194922178453	0.00597578016079866
ENSG00000214047	6.47308696047027	144269482.033202	-2.21000319105524	6.49549851494811e-06	0.000626269953342357
ENSG00000214199	4.00450859542061	4.01136823438791	2.70002611745493	5.24766233060534e-07	9.97221123518341e-05
ENSG00000214203	3.58123953864859	3.65130670481156	-0.938935683661825	0.000919936195793997	0.0210397822233166
ENSG00000214222	4.10810816348454	4.21101032597461	-0.952779872153311	8.34381368794722e-05	0.00387249229894074
ENSG00000214274	3.79444642447716	3.8018306158907	2.37520541389048	0.000405931424689716	0.0119911248512382
ENSG00000214285	6.89476809487831	144269482.459173	-1.87190545009797	0.00185313046892092	0.0337535477259906
ENSG00000214389	4.7546728237728	4.76461606079489	2.94243920197595	1.56653629266198e-06	0.000217280384408645
ENSG00000214391	3.06836978192332	3.07162213343648	2.77085252235646	0.00285679693717813	0.0450921761163224
ENSG00000214460	4.75184833104036	4.85706891026625	-0.358593025157113	1.01614910225012e-05	0.000866563336880011
ENSG00000214485	3.18055645104692	3.18713401901187	1.88761018062676	0.0004621313706822	0.0132481676499347
ENSG00000214535	3.83624732646108	3.85649541971108	0.988716742000329	0.000122107457716897	0.00510735075310154
ENSG00000214541	4.65182950969185	4.7961791819659	-0.852512853672734	3.69422574537224e-06	0.000406052801901343
ENSG00000214612	5.12281163438888	5.24529734177218	-0.182063815083375	8.07992317971817e-08	2.78572665741883e-05
ENSG00000214629	4.27440311097228	4.8782497813529	-2.74753888082939	0.00135988119854703	0.0274639103311582
ENSG00000214784	3.63066919360971	3.6539895601413	0.575255752933142	0.000881375963940767	0.0204911061390523
ENSG00000214787	4.93356432923882	5.03831149398814	-0.157631162774985	0.000569233607158895	0.0152304699281295
ENSG00000214881	3.58064391801007	3.69636297740008	-1.58503538452562	0.00173699593940068	0.0322963482291957
ENSG00000215016	4.06281890020678	4.39319259414532	-2.34458770793903	0.00172307603737218	0.0321117506455137
ENSG00000215030	3.75615306875681	3.75783358730432	4.45787062861579	0.000536830473039125	0.0147058645134236
ENSG00000215057	3.5987216267245	3.69851301272546	-1.37877519837418	0.0007342370204328	0.018137232600947
ENSG00000215086	3.50143482856581	3.6166438516135	-1.65602409786064	0.00283133681220454	0.0447488425839846
ENSG00000215093	4.02523568923675	4.06832425904673	0.130048333893813	8.46752524376554e-06	0.000759684959974117
ENSG00000215349	4.29207216052132	4.52276960386442	-1.75971010627503	0.000161146260997096	0.00631348029692195
ENSG00000215467	3.96689538330915	4.29605958169106	-2.4270500862184	0.00321546984889617	0.0488160408698225
ENSG00000215492	3.51634951758632	3.5867689534628	-1.02977591986681	0.000382920439475368	0.0115952344872002
ENSG00000215895	3.91278711525857	3.95312601244179	0.112487842013918	9.2266277156675e-05	0.00416995193426815
ENSG00000215899	4.49225365666793	4.72426272428521	-1.57616750562189	3.79709783013739e-05	0.00221943578335923
ENSG00000216624	3.51648414875304	3.53349986123815	0.903188196611987	0.000136831565594577	0.00557873553053638
ENSG00000216657	4.13267377997832	4.46436951073172	-2.29892491598299	0.00107050896580109	0.0233570896529042
ENSG00000216854	4.39226639609362	4.99808213748894	-2.64779639438863	0.000626710140417467	0.0162985156560723
ENSG00000216866	4.41423540892617	4.45564309043885	0.575687332220644	1.42857153808028e-07	4.18778319486904e-05
ENSG00000217026	4.16283388791132	4.28179355576584	-1.06444488662114	7.91232291458454e-05	0.00369527990637451
ENSG00000217027	4.66238774298791	4.69988861033411	0.966884735635563	2.83320437817387e-06	0.000331925021664312
ENSG00000217094	3.40136380080968	3.41713490794198	0.888503198241967	0.000291608883218773	0.0095881318632178
ENSG00000217239	6.44834976757499	144269482.008171	-2.22650884484873	3.30380744350629e-06	0.000367438197426639
ENSG00000217241	4.51509005836475	4.63548486496292	-0.744308894848319	2.40809091820827e-05	0.00161435739500107
ENSG00000217716	4.41643700193992	4.45584153459071	0.644000682725723	9.49475202323572e-06	0.000824267429240183
ENSG00000218175	4.54769486363424	4.55631267304069	2.93696118078601	8.8407402341018e-09	4.35433520020026e-06
ENSG00000218265	3.6010706804045	3.71719629859348	-1.57793503046127	0.000389746404365419	0.0117283537692706
ENSG00000218358	5.96218914475831	144269481.515375	-2.61745980582168	0.000166415186117803	0.0064776202619233
ENSG00000218426	3.27714298488481	3.27970034739883	3.34445405308301	0.00111193797590367	0.0238750098847501
ENSG00000218582	3.30141454043792	3.31264012299836	1.25966655210926	0.000618063240418604	0.0161257710748785
ENSG00000219023	4.68898527078771	4.76310968629947	0.0549132688489621	6.06482443852864e-06	0.000597422338773266
ENSG00000219146	4.9638980409897	5.57789318104252	-2.21601265774684	0.000225752116038359	0.0080122081889261
ENSG00000219451	3.6669581100767	3.71474015547223	-0.367382056246347	8.59346954374741e-05	0.0039428668054905
ENSG00000219470	3.16487177118288	3.20766980206504	-0.706937286147779	0.00290955020885402	0.0455968082730409
ENSG00000219487	3.84932954233897	4.17669331808128	-2.50977429776213	0.0030467719867153	0.0469245661310702
ENSG00000219507	3.1421048902171	3.14575050697468	2.68948697538228	0.00186343878550075	0.0338901519587605
ENSG00000219747	2.96469866367574	2.98223964787736	0.276742388291724	0.00189074558080126	0.0342576980833766
ENSG00000219773	4.18392855724422	4.41357691497843	-1.84868400615792	0.000380100403694609	0.0115603170693448
ENSG00000219928	3.54310418978838	3.56800897566131	0.39037797747753	0.000729414469358978	0.0180533978790044
ENSG00000219951	3.11411627060912	3.14058523977967	-0.126212145153738	0.00312329241144652	0.0476469905548991
ENSG00000220105	5.03100455988423	5.64573219340815	-2.16573658500601	0.000256372071927762	0.00870255822645825
ENSG00000220267	4.5873010471504	4.7311834307225	-0.901092397306418	1.77182284441575e-06	0.000237562069595165
ENSG00000220472	5.43982963633187	5.49795143050694	1.1390134915185	7.30648465226935e-09	3.8333630564754e-06
ENSG00000220744	3.69032364735193	3.86248582555436	-1.97999593214466	0.00172853598301151	0.0321886476959875
ENSG00000222038	5.49109120295879	5.83387857517374	-1.13562184247571	2.56735860325371e-07	6.01559539135195e-05
ENSG00000222047	4.16275931202425	4.21074486820909	0.135368823326205	0.00141472458509704	0.0281012042277628
ENSG00000223361	4.39021607916826	4.40915713600978	1.65798133158514	1.64357919862359e-06	0.000226663659311896
ENSG00000223460	3.34802589189797	3.38322487922101	-0.280178404498685	0.00235028347625557	0.0395222303516384
ENSG00000223529	3.22395451046253	3.2387412683029	0.796192681736597	0.000571581257337662	0.0152594491864902
ENSG00000223551	5.46491074553427	5.47363340445927	3.85128444393893	2.85683638028973e-05	0.00181439182110296
ENSG00000223668	4.16329854667424	4.20399996258406	0.358595561317979	2.42951068019463e-06	0.000299152095692945
ENSG00000223722	5.49343439167318	5.67376327045712	-0.316903574305918	2.4628300937533e-06	0.000301715438998183
ENSG00000223803	3.73335402986933	3.75767561591934	0.619723597459658	2.23875009443645e-05	0.00153059475294984
ENSG00000223822	4.87219264354973	5.05174352910774	-0.928864372204496	2.06457937923565e-06	0.000259513326762882
ENSG00000224114	4.82785538496902	4.83992667071695	2.74052847327149	0.00155614447989914	0.0299489560429711
ENSG00000224126	3.62989767986028	3.71848194344654	-1.22895819315512	0.00102972122439756	0.0227993504858815
ENSG00000224238	4.55577238684679	4.64764565831588	-0.367639028207271	9.07758225098878e-06	0.000793762210309287
ENSG00000224397	4.15458904968983	4.16666332824121	2.05302027281961	0.00068675695784503	0.0173189053507126
ENSG00000224415	4.71430265137329	4.79671132269908	-0.0684537073329212	5.83119472258302e-07	0.000106347925525988
ENSG00000224594	5.50973819693514	5.7527397492946	-0.723010112905302	0.00287949062557796	0.0452454832709622
ENSG00000224628	4.32512282614728	4.55600626713334	-1.72895493214027	0.000302952519526105	0.00980087949898529
ENSG00000224631	3.08502351110289	3.08776443223144	3.03622291000081	0.00108974634836911	0.023600128641207
ENSG00000224646	3.29880359257815	3.39689088969321	-1.65570273400437	0.00267016147533224	0.043075321070562
ENSG00000224834	4.40605109597927	5.01183386504235	-2.63927333010502	0.000971748481767695	0.0218362922336886
ENSG00000224861	4.69299204474905	4.71055768282558	2.06746839494154	1.56320249266794e-11	5.38947556543543e-08
ENSG00000224993	3.51628256029535	3.61582319596921	-1.46616346273443	0.000952578940596286	0.0215459015503137
ENSG00000225071	4.3251979475423	4.55554952265521	-1.72150657315456	0.000343953082942436	0.0108085464892353
ENSG00000225093	3.37330137590517	3.38966105091075	0.80920626741472	0.00113199467296365	0.0240894139074936
ENSG00000225131	3.29756439078741	3.31857312560947	0.366891177212209	0.00108179393990321	0.0234995634074023
ENSG00000225137	2.88441594167144	2.89504604993327	0.887610734187015	0.00184107249430008	0.0336354606945027
ENSG00000225156	4.24925472231081	4.85255632362645	-2.76736028035764	0.00292763457093597	0.0457320959621356
ENSG00000225159	3.14383437368246	3.18217026277511	-0.597493623255178	0.00181390776368429	0.0332398253369451
ENSG00000225178	4.22515671255559	4.40098378294414	-1.50149628647083	0.00032641078214822	0.0103389614447304
ENSG00000225338	3.35218327234088	3.43834917769909	-1.43132069413852	0.00286648998868723	0.0451860675290513
ENSG00000225405	4.77338640973138	5.38516146059221	-2.37360797640726	0.000953469083274014	0.0215459015503137
ENSG00000225511	5.71533703660324	5.76790913174583	1.54250224045993	0.00156105418521088	0.0300195073353621
ENSG00000225536	3.57019413281833	3.7082557643745	-1.81851817882013	0.000568108709052638	0.0152172426018606
ENSG00000225573	3.92299154611859	3.94461418199833	0.983501626355919	0.000190534437202529	0.00708529754614149
ENSG00000225616	3.88907308348764	3.97787368038221	-0.957628756128496	0.00063559789022016	0.0164587118911731
ENSG00000225770	4.29743807633995	4.47360058817692	-1.427009157892	6.67135352217955e-05	0.00327248873789189
ENSG00000225912	4.32650184097079	4.50311220861428	-1.41169987621683	2.38725988000632e-05	0.00160485041626943
ENSG00000226221	3.23748035169167	3.24572155440581	1.62682838519563	0.000302575528616034	0.00980087949898529
ENSG00000226243	4.75737404157476	4.81464849433199	0.48393783799964	1.43774158269961e-08	6.42563988090231e-06
ENSG00000226327	3.83275109661191	4.0058041957621	-1.84162530308802	0.000444780717980391	0.0128743811536213
ENSG00000226360	3.47275670448096	3.48150093630934	1.79554846768136	0.000302214989879862	0.00980087949898529
ENSG00000226396	3.78810840556055	3.81142204131024	0.74457741783777	0.000230915704774499	0.0080884174441622
ENSG00000226453	3.87673158812191	3.96459127058349	-0.947634921677109	0.00262722062926383	0.0425825001119229
ENSG00000226525	4.10296089441088	4.12970354558048	0.862749743432124	6.81390179138511e-05	0.00331132933015304
ENSG00000226532	4.18437697919001	4.51616580707103	-2.24409375546598	0.00116479313907026	0.0246588751037909
ENSG00000226608	5.50844240430254	5.51335293137333	4.72253397916274	1.26742499941046e-10	3.39867054841912e-07
ENSG00000226624	3.60160809136459	3.69020366300586	-1.25961201164956	0.00250248721418173	0.0410850519911985
ENSG00000226666	3.43727217752265	3.49137322542958	-0.761587976537853	0.000880407763466187	0.0204911061390523
ENSG00000226701	4.05186817931667	4.22603403046087	-1.6337077921108	0.000592644280516317	0.0156658018247325
ENSG00000226855	4.4643810904164	4.56860221519681	-0.624177242141046	5.03775765877407e-06	0.000510228406753561
ENSG00000226945	4.72967573869585	4.8745378758484	-0.790660591285767	8.15636759357576e-07	0.000134825873632437
ENSG00000226972	3.96955931182662	4.19724046869878	-2.02091139333389	0.000367760668716938	0.011376247293963
ENSG00000227094	5.4599900386235	5.57961585816675	0.179625000004297	0.00328784485632058	0.0494077507860777
ENSG00000227105	4.05836680502301	4.28717169703891	-1.9677349032518	0.000153290831052068	0.00605486238397807
ENSG00000227145	6.98068237046248	144269482.545863	-1.77091062956478	0.000142613271130888	0.00573638114245477
ENSG00000227337	3.2952965064058	3.40893771664849	-1.82370845717819	0.00210791544435743	0.0367044959120651
ENSG00000227347	3.37696390286349	3.40638439264204	-0.00276229818974766	0.000182812547603271	0.00690453524860303
ENSG00000227694	3.25115401767088	3.31402193588651	-1.13547300339377	0.000830173804262558	0.0197311910205662
ENSG00000227850	6.56824517709986	144269482.129637	-2.1367090303026	4.95048989118874e-07	9.79304287163517e-05
ENSG00000227854	6.29972671179555	144269481.857715	-2.34509053596726	5.0528130112746e-06	0.000510228406753561
ENSG00000227939	3.12810335317928	3.14121366300135	0.85867755173204	0.000510434076079486	0.0141758526951695
ENSG00000228118	4.97871417550495	5.1579817973786	-0.810335097823876	1.01396262753008e-05	0.000866563336880011
ENSG00000228205	4.32967103124179	4.34872910940367	1.58329387629108	1.15627616422138e-06	0.000177005160514114
ENSG00000228285	4.93607944915798	5.54990680933561	-2.23132606202356	5.5242653156717e-05	0.00290463222502006
ENSG00000228305	3.27001064544921	3.30067400594838	-0.178796574826686	0.00105423140488093	0.0231298370230875
ENSG00000228328	3.93960668024081	3.96869259400809	0.590919243680233	0.000160450620293043	0.00630670239438486
ENSG00000228347	4.42250087489413	4.65422660495371	-1.65282454170053	0.000214852478428634	0.0077733816530068
ENSG00000228399	3.90561696973199	4.07919606234922	-1.77981962384669	0.00107233178650111	0.0233570896529042
ENSG00000228462	4.877015494756	5.48993040981679	-2.27023161778262	5.93017847467829e-05	0.00303218066330267
ENSG00000228499	3.15526054357074	3.19372818475522	-0.596848710628814	0.00262255173793857	0.0425607691132743
ENSG00000228501	3.82647323222477	3.90585914203015	-0.878481959809903	9.61633380293318e-05	0.00428282481153966
ENSG00000228502	4.4884254562569	4.49531469975816	3.19521021658986	2.00650458322095e-07	5.32142655070929e-05
ENSG00000228630	7.61367520482225	8.24000870926979	0.202906353420238	5.76052990579896e-05	0.00297608499823134
ENSG00000228818	2.96538074771364	2.98813931205584	-0.0809474768459149	0.00204484942573298	0.0359532630778577
ENSG00000228834	3.63662749097162	3.73616100263908	-1.34521316501918	0.00328391296261442	0.0494077507860777
ENSG00000228844	6.27382599880761	144269481.831395	-2.3684006340419	1.15849800489337e-05	0.000960202069629674
ENSG00000228847	4.78426029082921	5.12239356715035	-1.74933559134962	1.23509731749306e-05	0.0010070215763641
ENSG00000228929	4.12828458771743	4.14986664159175	1.2051379723285	2.99878013322616e-06	0.000344631236834667
ENSG00000228938	6.34582566921703	144269481.904486	-2.31300816981976	8.66692336387714e-06	0.000773360909215417
ENSG00000228981	4.59191058009322	4.68391765117334	-0.33555566349319	2.6915433642382e-06	0.000319988707155294
ENSG00000229119	4.86306899245652	4.88285063613225	2.07623248944331	7.04360655762124e-08	2.53717015912882e-05
ENSG00000229132	3.92649234129542	3.94066266972307	1.58382632851146	2.17501330226796e-07	5.48789473057985e-05
ENSG00000229161	3.30033209938144	3.3984597874485	-1.6591356817131	0.0027717749843366	0.0440831977539659
ENSG00000229314	9.11138213319422	144269484.685378	0.193500175000259	0.00299279538228507	0.0465087725409323
ENSG00000229349	4.44051529786824	4.53223383115366	-0.485185045634839	3.19101822833409e-06	0.000358195506616814
ENSG00000229400	5.35273655572085	5.47463302621208	0.0251230372905276	0.0021550008819211	0.0371226204741497
ENSG00000229567	3.92533763648328	4.2541686861654	-2.45102312693669	0.000906053038290367	0.0208600338115059
ENSG00000229638	3.5758955978393	3.57960740891196	3.13033741389287	3.04965180986609e-06	0.000348816572413783
ENSG00000229752	4.35187431396106	4.95706789631783	-2.68412397620834	0.00109626742799368	0.0236648641388189
ENSG00000229950	4.54533403201163	4.63612087385404	-0.346012762198182	0.000490087900934896	0.0137373432763432
ENSG00000229965	6.52429529862486	144269482.084929	-2.17080453554083	8.69107517293122e-06	0.000773360909215417
ENSG00000229994	4.73951016194387	4.79647747966187	0.478822560330264	3.23185065448371e-07	7.08154254578891e-05
ENSG00000230037	3.38206557391019	3.40178710987766	0.552204390350428	0.00198813103372326	0.035306515355318
ENSG00000230067	3.4436181693067	3.55910631452649	-1.73483162626999	0.00331387631680449	0.0497060851645491
ENSG00000230148	4.40302975317559	4.48480369794216	-0.365003946488915	0.000317602451059859	0.0101523411309651
ENSG00000230191	4.12557168522833	4.30089546315378	-1.59076935807843	0.000244080672229701	0.00840151293992909
ENSG00000230204	3.29006348400578	3.3072006303393	0.65534481222611	0.000883781477938978	0.0204911061390523
ENSG00000230207	3.2063997541393	3.21789587304844	1.12547108539272	0.000462758155668143	0.0132481676499347
ENSG00000230291	3.19679065837144	3.23547335067091	-0.565040126091343	0.00200143733092671	0.0354645290342035
ENSG00000230330	3.61733562528028	3.64622937713891	0.263716369533375	0.00054340943415917	0.014802080455979
ENSG00000230383	3.64653000212782	3.68251601711298	-0.00717214913961583	2.81336057586452e-05	0.00179832778959322
ENSG00000230457	3.27840292765459	3.33210314791681	-0.921612455594368	0.00177054324929288	0.0327369064549731
ENSG00000230568	4.38270573037763	4.98858755203766	-2.66367174481557	0.000813295427473623	0.0195110058117777
ENSG00000230580	3.30451837210142	3.39046538783146	-1.47213162693058	0.00232058591202366	0.0391917567535193
ENSG00000230592	3.52035372524045	3.60830023608737	-1.32484053840929	0.00254396394881608	0.0415680608941958
ENSG00000230629	4.44096781126483	4.45452898148899	2.18233436564996	6.60830125313824e-09	3.73686597207701e-06
ENSG00000230721	3.94099481325044	4.081714765974	-1.49191453575422	0.000159380712535382	0.00627486805273883
ENSG00000230777	4.01307047226378	4.08570818489374	-0.593630423261043	8.79518671326157e-05	0.00401253376442069
ENSG00000230798	6.7503102079167	6.87450654794512	1.40071118142463	1.30340942480352e-06	0.000192461344140082
ENSG00000230897	5.79238360128342	5.83253734987296	2.01017700689493	2.43141612079473e-09	2.02344126411242e-06
ENSG00000230979	4.19940345432509	4.22780226762775	0.889985828564133	1.97001029614559e-06	0.000254247211161377
ENSG00000231066	3.73819401594226	3.96361971543885	-2.22772523814865	0.00209112357102706	0.036596937101644
ENSG00000231072	3.98462223471091	4.15884363697413	-1.71314357294717	0.000777434051854429	0.0188758484984455
ENSG00000231120	4.08453538663995	4.25967573125207	-1.63368217229758	0.000136844759844101	0.00557873553053638
ENSG00000231169	3.76375204485698	3.93610972500411	-1.89393587799497	0.000639942277086847	0.016519292138643
ENSG00000231313	6.011394858298	6.63463507758481	-1.32277535768012	1.95917438356392e-06	0.000254208142865223
ENSG00000231369	4.33555709587428	4.43954392217944	-0.753249071867893	1.26833174777897e-05	0.00102517498242995
ENSG00000231389	3.38249319906334	3.38257600978927	8.40005422518391	0.00308614806812625	0.0472895856991485
ENSG00000231414	4.81440096932016	5.04798880980406	-1.2923359162217	5.66041425510276e-05	0.00294119475359572
ENSG00000231416	3.34771706456573	3.46181637044604	-1.7891475572181	0.00326049212778713	0.0491804481325091
ENSG00000231684	4.17414884201447	4.27720725384279	-0.885460772171184	6.98360517005379e-06	0.000658368465523743
ENSG00000231707	3.93274801163608	4.26184828550432	-2.45590597850101	0.00130821840889691	0.0265986041114727
ENSG00000231767	4.09721068758381	4.112914938082	1.61847833689783	1.39247083267925e-06	0.000201232880693898
ENSG00000231817	6.66358671874842	6.81539248174479	1.01310991487951	0.000928216449982943	0.021153518228412
ENSG00000231848	4.61021559126458	4.94675818615525	-1.8852223296382	2.59161965415399e-05	0.00169962360688457
ENSG00000231940	4.09214459947524	4.26698178180429	-1.61050969740593	0.000266216069873966	0.00894827107289457
ENSG00000231991	5.44937652824881	5.46125798246161	3.39805583520531	8.11590510090015e-07	0.000134825873632437
ENSG00000232134	3.29534191888801	3.35313455270192	-0.986107311534042	0.00328990660137868	0.049407968834893
ENSG00000232172	3.67197718050109	3.99662729582445	-2.63427674934017	0.00305925637483781	0.0470567835247519
ENSG00000232341	3.54656157506958	3.64627661333606	-1.43882388111612	0.000738980323990768	0.0182143831084847
ENSG00000232346	4.17230319824928	4.198578702288	0.971849409369722	9.47419393072441e-06	0.000824267429240183
ENSG00000232362	4.46743362600958	5.07451021064194	-2.59607257952851	0.000583075948707796	0.015497747738011
ENSG00000232368	5.28391733853939	5.30992084272882	2.11747974962769	1.15770837446353e-08	5.27172337911374e-06
ENSG00000232385	5.10148565370973	5.28175769667674	-0.713009632826829	7.13768276944897e-06	0.000665099752733133
ENSG00000232389	5.02165512704474	5.3614672129904	-1.53715076262528	1.37482068386609e-06	0.00019987905050858
ENSG00000232472	3.46822136725197	3.47526252875945	2.09908015070389	0.000137992220141905	0.00561602738769769
ENSG00000232496	3.78951783682319	4.1163902531005	-2.56385497395724	0.00241150572316813	0.0400979427847703
ENSG00000232587	4.3450447314264	4.42615741362155	-0.397468405370568	1.98381556244187e-06	0.000254667046723255
ENSG00000232699	3.94485922911417	4.11845564337523	-1.73589897834434	0.00093133351228976	0.0211845456980217
ENSG00000232702	3.55648195450727	3.64410389402065	-1.26698702368179	0.00102963269470675	0.0227993504858815
ENSG00000232774	5.78375437092454	5.83168472694124	1.74862289995883	0.0023711780487488	0.0397188813645615
ENSG00000232801	4.50135871895267	4.73368909969428	-1.58541320575247	1.41005167719103e-05	0.00110130055590059
ENSG00000232858	6.06967399833982	6.69293522992231	-1.26529276314991	3.85742768915746e-07	8.2385097212501e-05
ENSG00000232883	5.25936878846299	5.60095579408472	-1.34352575419729	3.89304050662071e-06	0.000415728493746833
ENSG00000232888	4.36410460692289	4.37850718367632	2.01321736796506	7.30815486149391e-06	0.000678365420874208
ENSG00000233038	3.84179798118517	3.8523839756617	1.91260326038056	0.00194782497475876	0.0348911741789021
ENSG00000233057	4.98422824054837	5.04171142575941	0.706242626033769	8.68503315072527e-09	4.35433520020026e-06
ENSG00000233111	3.03859459741349	3.0873703724535	-1.02940664422816	0.00229780616902163	0.0388886774776774
ENSG00000233125	5.6163111226505	5.96062695069535	-1.0285142284402	2.58399381656788e-05	0.00169923996645911
ENSG00000233270	4.48421266905426	4.55823924387539	-0.156602948404058	2.00146112373687e-06	0.000255572818837384
ENSG00000233287	4.80334714180466	5.1415010692503	-1.73697584996107	0.000100391559421607	0.00442934167290871
ENSG00000233328	4.47092778547329	4.51709173781947	0.49578277589931	7.25711981369571e-07	0.000127841846411483
ENSG00000233380	4.32740722233447	4.50379161539848	-1.39592108530507	2.19911243509794e-05	0.00151638227167582
ENSG00000233406	3.94044418098683	4.04241071193219	-1.09593243276288	9.61834361421436e-05	0.00428282481153966
ENSG00000233429	4.81028780202464	4.83499776622725	1.69934113549716	3.06767285921139e-05	0.00190705539457267
ENSG00000233476	3.85990796295795	3.86192461801215	4.30641050140009	1.88304954785589e-06	0.000245651447502454
ENSG00000233503	5.19769370891594	5.81434845811217	-2.01713412568529	6.95999100746726e-06	0.000658368465523743
ENSG00000233514	4.34079666309208	4.5718680012493	-1.71606220275197	3.79807316867226e-05	0.00221943578335923
ENSG00000233594	3.858419054204	4.08500638590339	-2.11532378381213	0.000863155462255389	0.0202050377556465
ENSG00000233597	3.67719074082949	3.74829723830309	-0.882442362237196	0.00010808914448392	0.00468334544519734
ENSG00000233668	3.96166898533657	4.13545630829443	-1.72627534686589	0.00101717267104312	0.0225836662768671
ENSG00000233834	5.01251083545738	5.3536539239829	-1.59118458190279	0.000371553101140427	0.0114230096088192
ENSG00000233846	5.67408535661927	5.91196324540977	-0.51573300176119	1.56949311243121e-07	4.50930318754939e-05
ENSG00000233859	3.52356023418161	3.5782737856852	-0.703219525934471	0.000293516032995152	0.00959853108442411
ENSG00000233873	3.96174102208294	4.29116602200049	-2.43316873048753	0.00137722519821342	0.0276522070995696
ENSG00000233876	3.5036540542009	3.61905832545985	-1.65813530551407	0.0011260000676777	0.0240788127402513
ENSG00000233952	4.59175678161092	5.20058771705442	-2.50354094955395	0.000685458306040839	0.0173042371945498
ENSG00000233971	5.49559247993557	6.1148207964154	-1.76539151455253	5.83408011952287e-06	0.000579422590965288
ENSG00000234009	4.72728349868248	4.74941241526114	1.77826031982776	6.83411621747049e-09	3.74851274528257e-06
ENSG00000234093	4.27657924323762	4.36744295744697	-0.62210472124397	4.45075059864636e-05	0.00248070242373513
ENSG00000234118	3.7697344264211	3.81760691411322	-0.260093616901871	0.000104468804386263	0.00455922264929126
ENSG00000234147	5.52622043077993	5.63169333736457	0.402832339006589	0.000327954515393395	0.0103597569038013
ENSG00000234241	3.92592435475573	4.06643753420206	-1.49886263304527	0.000318199802409077	0.0101579815229374
ENSG00000234268	4.00989565388994	4.11226390627043	-1.03563962955932	0.000129876455517044	0.00534887095127704
ENSG00000234287	4.93796857673227	4.98460118716524	0.955599015178491	5.31894592560626e-09	3.27073048591169e-06
ENSG00000234335	3.76962215874747	3.82877813569579	-0.530230416884941	0.000254192200660863	0.00866479459145376
ENSG00000234337	3.31671997163861	3.38000414429617	-1.08921715055855	0.000988723800128408	0.022135306300834
ENSG00000234354	4.02891203565241	4.20147398767777	-1.64090857648277	0.00255008265301069	0.04163984759659
ENSG00000234380	4.57742677181587	4.59865379183032	1.68359146962646	7.33095167265784e-05	0.00351042039023659
ENSG00000234546	4.14985794443596	4.19360022353204	0.229095790321182	0.00056019782595273	0.0150387256190692
ENSG00000234589	4.62817714303991	4.71061844203304	-0.158274179249161	3.52052438417713e-05	0.00210307761108245
ENSG00000234648	4.01915567503484	4.03958790695082	1.16519166204427	7.72803920716597e-07	0.000133220355875531
ENSG00000234664	4.72483719188997	4.73810954771684	2.49998670192118	2.7221706094215e-09	2.05302704649308e-06
ENSG00000234743	3.03443243078594	3.0724986594766	-0.706088732395592	0.0030681146296408	0.0471329589253666
ENSG00000234782	5.12792022798505	5.15698105112186	1.79972054299447	2.27179284710357e-08	9.45300837448235e-06
ENSG00000234785	3.90640186394712	3.97186264038316	-0.538716876898276	6.17385949950314e-06	0.000603238563404893
ENSG00000234797	4.52671259565049	4.53413886883324	3.12708871618012	1.71148742016285e-06	0.000233361793210227
ENSG00000234825	3.09244608663156	3.11115081433432	0.322924641876485	0.00115386537250527	0.0244489788411258
ENSG00000234851	3.31480127917427	3.31974768833755	2.43900136267734	0.000114341285700045	0.00488792560812158
ENSG00000234869	3.84194336659207	3.91317840949646	-0.716927819474709	0.00179115944278637	0.0329731822976402
ENSG00000234961	5.43358300421316	5.47317746551127	1.67602297935106	1.87091592688223e-07	5.01696499770841e-05
ENSG00000234964	4.23392782925563	4.27461822474061	0.420523297209857	0.000986287877690117	0.0221155760136595
ENSG00000234975	3.3218645405791	3.32808154198753	2.11904871819796	0.00088479405718523	0.0204929172515435
ENSG00000235001	4.17531396617967	4.23609759659892	-0.174460256645072	8.94204742379543e-07	0.000143871581683919
ENSG00000235115	6.52571741075353	144269482.086168	-2.19224523709746	3.77277039237193e-05	0.0022153781179928
ENSG00000235174	4.01051358151191	4.0166211132364	2.87253960144199	3.6018415760675e-05	0.0021357947075384
ENSG00000235207	8.4000947587067	9.02592917421239	0.968798910275567	0.00069817488358697	0.0175518256671749
ENSG00000235238	3.20090095953855	3.22774595585364	-0.060843548778713	0.000358947304736274	0.0111778506483939
ENSG00000235253	4.16580674813043	4.49780541561376	-2.26662714759623	0.000513345235140044	0.0142403148331837
ENSG00000235297	4.02877610859565	4.05496278507851	0.827869813349103	2.00060690596114e-05	0.00140765734893488
ENSG00000235354	3.87529407219665	3.964635382518	-0.989383434246486	0.000368962600312037	0.011376247293963
ENSG00000235363	5.86840326098153	5.91396056753191	1.89562898408923	3.46744086351909e-09	2.53585508485362e-06
ENSG00000235459	4.11583077751813	4.34426306458712	-1.9023487098609	0.00122788417742235	0.0254148857100437
ENSG00000235472	3.85119032408612	4.02445761433944	-1.82897662593846	0.000473289536100882	0.0134510131611008
ENSG00000235508	4.63670272867752	4.67062410347988	1.08649882984019	4.50364855948369e-07	9.13370204492263e-05
ENSG00000235587	3.12287944942147	3.12674688649662	2.5837284361177	0.00103738157024487	0.0228640792842828
ENSG00000235644	6.25014309669636	144269481.807476	-2.38619824407178	8.71609212341897e-06	0.000773360909215417
ENSG00000235655	4.66880009044768	4.67377779324811	3.84814772556134	6.14370228861237e-10	8.23733950185395e-07
ENSG00000235698	3.64411864498827	3.86835786062817	-2.30105237653346	0.00159281524003909	0.0304362652439458
ENSG00000235962	5.15450764587315	5.77068727494211	-2.05154093763428	1.89431280914437e-05	0.00136745912276074
ENSG00000236060	3.46506427526258	3.48917476879762	0.369658325172097	0.0030162983028456	0.0466337881107467
ENSG00000236111	4.16240773817202	4.49444397655479	-2.27023893641503	0.00051569214470701	0.0142421102849342
ENSG00000236148	4.28424176426743	4.61772560807181	-2.17619837410751	0.000369089319266306	0.011376247293963
ENSG00000236281	3.90616272875717	4.13191721229322	-2.05279197669296	0.00233307634910429	0.039292717801314
ENSG00000236330	4.46474138277547	4.64190055432481	-1.28560246916297	0.000102930575392466	0.004510525622516
ENSG00000236453	5.71349940038747	6.32942231755263	-1.53423529020456	0.000830649294642217	0.0197311910205662
ENSG00000236468	5.66752053198938	6.28786047330614	-1.60395608883925	8.12719109352455e-07	0.000134825873632437
ENSG00000236480	3.44297030271347	3.46457883833193	0.489837759072749	0.00035213021696236	0.011020105814263
ENSG00000236534	3.19147119425601	3.26017613992063	-1.30880523617318	0.00151103199455458	0.0292674527741414
ENSG00000236552	4.10574049852446	4.10726159424781	4.9690464816434	5.86072515743612e-07	0.000106347925525988
ENSG00000236562	4.53288381633096	4.76514398021358	-1.54853475702503	0.000392004898951597	0.0117781705209655
ENSG00000236565	3.7067452859385	3.75803655541719	-0.427391602011803	9.36852912020731e-05	0.0042104298284373
ENSG00000236603	3.18549980668945	3.20454604180675	0.387947009492413	0.000806993131338658	0.0194289195599496
ENSG00000236680	3.67032820053281	3.89459740545393	-2.26686713757029	0.00190493469243123	0.0344134287571481
ENSG00000236686	3.55982527632794	3.78281087926876	-2.35547645783371	0.00232805495989187	0.0392360990453479
ENSG00000236739	4.46374576609903	4.79917211555175	-2.02598112808682	0.000175733442895121	0.00676419603003327
ENSG00000236762	4.57657624574846	4.80896566192116	-1.49509928003894	2.70146827727723e-05	0.0017562439285451
ENSG00000236801	4.7874821908522	4.82290409803238	1.18358319023671	4.84053543827363e-07	9.65466795597486e-05
ENSG00000236811	3.37643751049744	3.43456961642766	-0.910988145596995	0.00149563830366814	0.0290860071077573
ENSG00000236852	3.97617571773373	4.30585231066013	-2.4227578292376	0.00193762676994263	0.0348195714562885
ENSG00000236876	3.73323532799385	3.75645760480279	0.695513456152081	0.000115216768985725	0.00490412963439417
ENSG00000236942	3.29081862483224	3.37688731930029	-1.50235113583735	0.00310037228585109	0.0474045136004351
ENSG00000236972	4.15040294028919	4.37834285236284	-1.86980319039172	0.00270139152360982	0.0433243020945052
ENSG00000236976	3.3980129457014	3.53450004656581	-1.95964055920963	0.00173039512164564	0.0321984239520401
ENSG00000237125	5.55069707305001	6.17684330204805	-1.74091150531212	0.00287963297854471	0.0452454832709622
ENSG00000237214	3.8262029741417	3.84082650876175	1.43691065858823	9.82667747464421e-06	0.000846989407760941
ENSG00000237264	3.78030549928356	3.78988360212076	1.98351805695588	7.91605084774848e-05	0.00369527990637451
ENSG00000237350	3.24472761038266	3.25767238650699	1.00251129750039	0.00065239065614746	0.0167142209081346
ENSG00000237380	9.03527144007808	144269484.609117	0.0989655809357461	2.70706365052944e-05	0.0017562439285451
ENSG00000237456	3.98418551073949	4.31345185190221	-2.40255517968896	0.00263475127021258	0.042647275087398
ENSG00000237493	4.33665126519485	4.37996797419205	0.447295617908952	1.30785035381509e-06	0.000192461344140082
ENSG00000237506	5.1392410400555	5.22276201741536	0.326332955202693	1.79500588058069e-07	4.86749122718363e-05
ENSG00000237541	6.16890811158104	6.18038994996137	4.16922351431285	7.85311352721059e-05	0.0036892915142067
ENSG00000237649	5.74571687797231	5.75433145099951	4.15556113205723	3.48154250328433e-07	7.50210239055929e-05
ENSG00000237668	4.40968467003465	4.52958997949694	-0.841683238911011	6.81913763605727e-05	0.00331132933015304
ENSG00000237676	5.92245175492487	6.54449409015831	-1.37919631077606	6.95624284263376e-08	2.53717015912882e-05
ENSG00000237709	4.14393735512085	4.23422491803009	-0.735681303890272	1.64625272508683e-05	0.00124247175068754
ENSG00000237729	3.608124683611	3.7245907066691	-1.59030402587045	0.000906694931145675	0.0208600338115059
ENSG00000237730	6.97507889047193	144269482.540106	-1.78770885080926	8.00894053650994e-07	0.000134825873632437
ENSG00000237749	3.14923568053204	3.21159068557378	-1.23102831209152	0.00332924261055543	0.0498745755202636
ENSG00000237793	3.97937684288169	4.20719287918452	-2.01868599629318	0.00068400735836672	0.0173028807366268
ENSG00000237882	4.5549047832023	4.89099506712803	-1.94485266672985	0.000151197541922476	0.00598664103876094
ENSG00000237888	3.70229298837838	4.02751043972986	-2.6173398844661	0.0032358875919569	0.0489930433778468
ENSG00000237988	5.93492465556527	6.01104759766849	1.2550462853173	0.000117485907989786	0.00494835061679844
ENSG00000238000	3.28837163441934	3.32522440233539	-0.401733724774793	0.00207390548208813	0.0363483187398075
ENSG00000238103	3.40836112573757	3.42530606107056	0.792381230028513	0.00100864938285735	0.0224564060939845
ENSG00000238150	4.99418335141164	5.33367030624512	-1.55852434134168	6.09195276514812e-06	0.000597655235910913
ENSG00000239198	5.32115977632587	5.93858356838786	-1.90318018925466	1.78324536178108e-05	0.00130414677458256
ENSG00000239246	3.40109253703623	3.42582871691796	0.249774952587826	0.00161269137935734	0.0306945534301341
ENSG00000239269	3.93697674865637	4.01726781279517	-0.804348383097394	0.0001200927669433	0.00503789795753625
ENSG00000239559	4.80398751377082	4.86636921130834	0.398108202808388	6.65804412029964e-09	3.73686597207701e-06
ENSG00000239776	4.11645795675036	4.29183936136938	-1.60402703448441	0.000671031034149595	0.01708297782507
ENSG00000240023	5.96974183618782	144269481.523001	-2.60409607458196	1.99378635495646e-05	0.00140696023071694
ENSG00000240036	5.6123901290053	5.8499271998891	-0.564878993683883	1.86635736474753e-09	1.66824698669692e-06
ENSG00000240065	3.1157721024653	3.11638462589077	5.22537502770277	0.00210776090994633	0.0367044959120651
ENSG00000240087	4.73581707693452	4.78495454294547	0.684336793216037	8.03406618878012e-07	0.000134825873632437
ENSG00000240231	4.28468749408289	4.61811742832206	-2.16780519725093	0.000181769451374656	0.00687924903736212
ENSG00000240342	3.41169632298094	3.41210753437969	6.12034635361922	0.00269338271107262	0.0432770295266489
ENSG00000240371	4.72425434022459	4.90270675149611	-1.05119397387642	2.29345830874806e-05	0.00156356844133688
ENSG00000240376	4.84311049082532	4.85442202541851	2.84928022605063	2.21441978462908e-10	4.45356725685318e-07
ENSG00000240388	4.1798586997434	4.51188659899801	-2.25494328656855	0.00109262660535774	0.0236285398689101
ENSG00000240480	4.23129268291469	4.83423787551626	-2.77478842409828	0.00177438723579896	0.0327393436917217
ENSG00000240509	4.42086242877399	4.48783496340236	-0.0722780676394921	2.01899138547446e-06	0.000256454411037056
ENSG00000240583	5.41623577782132	5.41635370352134	10.0033902967412	0.000503062790826645	0.0140195350967786
ENSG00000240695	3.29931837516848	3.38549418020829	-1.49837996057943	0.0030032586436624	0.0465864666660367
ENSG00000240759	3.86796476496048	4.04127769346398	-1.81325742469447	0.000797361045421131	0.0192820756214365
ENSG00000240950	4.15738786881254	4.21355048604745	-0.0882519324656698	3.11507835760528e-06	0.000352954465175802
ENSG00000241061	5.08264865614591	5.17543440308707	0.147179389224757	2.58689977660491e-08	1.04053732014305e-05
ENSG00000241081	4.09814157591806	4.17070556843248	-0.498047427822842	4.0663880220483e-05	0.0023366240124789
ENSG00000241352	3.93297031666249	3.99226908331104	-0.365550410890412	0.000195299493177035	0.00719596636386957
ENSG00000241411	5.97925176098108	144269481.532826	-2.60254665045163	1.90434008939757e-05	0.0013678376106405
ENSG00000241429	4.44374900094944	4.51074979357618	-0.0485844810784754	9.31206681877851e-07	0.000148832728877086
ENSG00000241494	4.45180881486341	4.55586599255304	-0.629490066471183	6.76313582894926e-07	0.000120015823599898
ENSG00000241511	5.27035516789783	5.45078158402474	-0.542726389632912	1.22987563997271e-06	0.000183221103056182
ENSG00000241556	4.60619971249112	4.72727906241923	-0.668613810320916	1.45366060289583e-06	0.00020636849994287
ENSG00000241680	3.70347536121586	3.76858998496678	-0.752335449448123	0.000221792398286091	0.00791992295635201
ENSG00000241741	3.47190096885561	3.49181898635721	0.631153489178089	0.000484608583342588	0.0136630181663435
ENSG00000241746	4.83029170573527	5.06497114024388	-1.30298872730071	4.32470064885514e-05	0.00243860573503435
ENSG00000241755	8.50437675666032	144269484.077004	-0.394556830283577	0.00288688215604811	0.0453298724489688
ENSG00000242060	4.69318631726235	4.81502468754266	-0.609879735763981	3.83272032839127e-05	0.00223427228032355
ENSG00000242071	4.09173325203703	4.09809586676648	2.8979605076258	9.28969215180525e-08	3.02969500529281e-05
ENSG00000242083	4.37583303359508	4.60717312348089	-1.68893454079255	7.72046855402925e-05	0.00365293902654648
ENSG00000242088	3.86775277726536	4.09427469296175	-2.10444431288828	0.00133875104711761	0.0270981189349048
ENSG00000242100	4.27185256916367	4.37538430416686	-0.801144057204174	9.54591127592772e-05	0.0042742304774256
ENSG00000242169	5.1919748750863	5.80824992480056	-2.01550878874777	2.92251776369999e-05	0.00185123474302193
ENSG00000242262	3.54172308966751	3.58618859546144	-0.397909006405427	0.000469025716286002	0.0133958185051436
ENSG00000242276	3.50500898613574	3.59215709012136	-1.30923559759403	0.00237154669952487	0.0397188813645615
ENSG00000242299	4.1593671144893	4.16282229207878	3.84551302634605	1.78892688658652e-06	0.000238530173927508
ENSG00000242327	4.44884696209155	4.78417216075748	-2.04440785967773	0.000397476700136422	0.0118127296846647
ENSG00000242477	3.81644187501134	3.8959521707546	-0.898071500949267	0.000397714540994472	0.0118127296846647
ENSG00000242512	4.91285293279259	4.96810650529469	0.703329296979995	0.000380157847847554	0.0115603170693448
ENSG00000242540	4.06521898646269	4.16648862725662	-0.948356436602924	0.00242062677568922	0.0401205780452782
ENSG00000242660	5.95072666501064	144269481.503436	-2.63778597044852	0.000228234824036151	0.00802947411558085
ENSG00000242667	3.77740611637117	3.91617986912526	-1.62107730396537	0.00265998026890696	0.0429979663829877
ENSG00000242814	4.77974025500504	4.90151906892935	-0.516204818521427	8.69875825128873e-08	2.95684269910707e-05
ENSG00000242952	4.08288604428286	4.18517917859373	-0.951142378172143	9.88467147776223e-05	0.00438523274713812
ENSG00000242992	3.63968099518586	3.66439566373294	0.512534344023314	0.00010184021286716	0.00447688833758843
ENSG00000243007	3.60049466241828	3.82413331777633	-2.33063302301792	0.00224438297441603	0.0382856646356317
ENSG00000243244	3.31727263584004	3.31904832757475	3.91327497319861	0.00112789482757627	0.0240890387333855
ENSG00000243388	4.84506113023057	5.18365450384941	-1.69884109335479	1.70594600554481e-05	0.00127517468576179
ENSG00000243445	4.28729655586517	4.42986360710246	-1.17685929028086	4.56881590758081e-05	0.0025231991559166
ENSG00000243455	4.81419836250147	5.42670107673445	-2.34460669880456	0.000352511879034185	0.011020105814263
ENSG00000243466	6.53582826294691	6.5630236733135	3.3006935387433	0.00313576364234505	0.0478029095955742
ENSG00000243479	6.78002469073961	144269482.34349	-1.94105132582687	0.000538598700922124	0.0147375748844156
ENSG00000243517	4.49267485292151	4.52815244774768	0.874861846743913	2.74652852881804e-06	0.000323340095192657
ENSG00000243547	3.10076474136219	3.11034182119604	1.26632257671524	0.000615225059805004	0.0160865022679675
ENSG00000243663	3.60227801066461	3.68076583402893	-1.08989313497635	0.00136661814808023	0.0275308534104911
ENSG00000243721	4.02512403251575	4.25359595665969	-1.99257880328807	0.000493872224009234	0.0138272763970288
ENSG00000243746	3.79509596669253	3.81865233633415	0.730694978187334	1.30881647154317e-05	0.00104592638159678
ENSG00000243824	4.29148257346068	4.6249200566389	-2.15993052066941	0.000308477747453746	0.00994465109275243
ENSG00000243829	3.8181474523957	3.84252523564522	0.706602176025112	6.52272181320305e-05	0.00323580907433663
ENSG00000243830	3.80713444527745	4.03288361048681	-2.15942443639347	0.00222740484069288	0.0381249563299872
ENSG00000243859	4.32383706132221	4.50031246767247	-1.41223848264444	0.000100014314015799	0.00442077922061773
ENSG00000243964	3.57307551371182	3.60564488776722	0.0565545375074781	0.000103615655386662	0.0045301815708364
ENSG00000244245	5.09002806257274	5.32558750499365	-1.05110327560769	1.3725915806802e-06	0.00019987905050858
ENSG00000244251	5.22409994567993	5.56554377097718	-1.37692206896671	6.73594354451918e-06	0.000641017164703375
ENSG00000244313	3.56313232195397	3.56534083432708	3.86130969276405	4.54704963949492e-05	0.00252175761202103
ENSG00000244331	3.99179446376263	4.3214870277845	-2.40705622516924	0.00168201249716017	0.0316150230579935
ENSG00000244363	3.15085821594306	3.1757389031896	-0.0133988610121232	0.000852738060326387	0.0200194361361061
ENSG00000244485	4.49058999853236	4.72218654592796	-1.57023925738986	0.000102979183641598	0.004510525622516
ENSG00000244509	3.92578056235523	3.9268509374242	5.28735876109529	4.44404695102312e-05	0.00248070242373513
ENSG00000244575	7.46370563949043	8.09281594656649	0.0170327029983146	0.0011804460577605	0.0249028716416013
ENSG00000244585	3.95035289300338	4.27945680532299	-2.42523963138289	0.000728709011763106	0.0180533978790044
ENSG00000244716	3.24539318468097	3.25751353353028	1.09270958025387	0.00053300953996136	0.0146177866334403
ENSG00000244722	3.74365736796179	3.8611663886469	-1.47416212941799	0.00127000297054996	0.0260853205883003
ENSG00000245205	4.49359531170679	4.51581662972271	1.52643929053895	6.14082862055231e-07	0.000110599073080903
ENSG00000245694	4.97001053229131	4.99213989545306	2.02695275475486	0.000227845888629546	0.00802947411558085
ENSG00000247763	3.26149077800408	3.29306544783164	-0.213774114899337	0.00273381559035925	0.0437229327089001
ENSG00000248180	3.93729963506067	3.95937618067492	0.976852507784328	1.05393196156965e-05	0.000889356432186082
ENSG00000248187	7.11979354513389	144269482.685981	-1.66314263391524	1.89814703789197e-05	0.00136745912276074
ENSG00000248415	3.29254271373856	3.32769046086851	-0.337523055013155	0.00191721190468225	0.0345814589742911
ENSG00000248546	3.6205788628261	3.84445246658299	-2.31291662872816	0.00285943065317242	0.0451042479631785
ENSG00000248626	3.3571744274419	3.37276904995842	0.862260594690538	0.000465852333511858	0.0133209481243782
ENSG00000248697	3.55093198282957	3.7739476666786	-2.36730159353321	0.00301301909462267	0.0466337881107467
ENSG00000248699	4.52729166320896	5.13533665734899	-2.54531966197198	0.000340395826056043	0.0107107077784049
ENSG00000248854	4.27336126851191	4.8776169929943	-2.75648699471284	0.00130126321364224	0.0265242283767244
ENSG00000248873	4.15397021099755	4.48582201484286	-2.27113863205939	0.000506505123777625	0.0140991864558814
ENSG00000249001	9.9927838599427	144269485.567972	1.04510606171231	1.77679505305877e-07	4.86749122718363e-05
ENSG00000249014	4.28800411075539	4.37860007647025	-0.595389774574394	1.56427503894398e-05	0.00119848297745632
ENSG00000249026	4.25391415984268	4.48438754871766	-1.79686251982883	9.12414346943819e-05	0.0041313710786383
ENSG00000249210	3.77906460580568	3.81733565538491	0.0403362440038823	0.000154314147385161	0.00608532292972789
ENSG00000249264	3.59570834775525	3.60058367985953	2.76195115127109	1.29587440824002e-05	0.00103902435111178
ENSG00000249353	3.38320415089232	3.38872110201484	2.35975905429649	5.69397209649997e-05	0.0029488910424234
ENSG00000249565	3.38083056225419	3.41615657487659	-0.251128090905522	0.000967248417613908	0.0217757213719161
ENSG00000249641	6.96238947923869	144269482.527387	-1.79490501388582	0.000926138409494382	0.0211261099950259
ENSG00000249855	3.59365819480666	3.59893428485542	2.64680128418886	9.70736784978303e-06	0.000839704715722809
ENSG00000249858	3.43465020905495	3.60370433466449	-2.1642985731657	0.00280792831000427	0.0444954312761938
ENSG00000249921	6.60621742760766	144269482.167806	-2.09709542999691	1.50952293140844e-06	0.000211807130387274
ENSG00000250081	6.14277132805649	144269481.698942	-2.46682453529085	0.000239179664263602	0.00830555685947881
ENSG00000250133	7.23182906074156	144269482.798751	-1.57688167612598	3.43139016076058e-05	0.00206516633765077
ENSG00000250144	5.60063845649751	5.67632422755493	0.924925306436804	5.98885943360724e-10	8.23733950185395e-07
ENSG00000250182	3.68421909144365	3.68724939201808	3.53502256754724	1.82360664916821e-06	0.000240496846289758
ENSG00000250451	7.25895391499338	144269482.826103	-1.54118670050274	8.56724569121793e-05	0.0039408607849844
ENSG00000250471	4.6290258918212	4.96579710041195	-1.88530303751629	0.000178776151477748	0.0068376919806085
ENSG00000250526	3.4647905722169	3.56387580141201	-1.50191795144584	0.00118485701605089	0.0249043922252685
ENSG00000250568	6.94649273379679	144269482.511366	-1.81249219115392	2.83874141709041e-07	6.34353568148703e-05
ENSG00000250746	4.27760631275983	4.36803965465243	-0.602118880036568	3.54580072722051e-05	0.00211294703088246
ENSG00000250895	4.44788522475495	5.05461969222812	-2.60552687669246	0.000729108156615383	0.0180533978790044
ENSG00000250966	3.6536062491308	3.75385032053974	-1.33105933245782	0.000246207679565955	0.00844030701512039
ENSG00000251400	3.73632369375733	3.79592480393048	-0.589640967493525	6.44679731116036e-05	0.00323012548231424
ENSG00000251583	4.58920180329875	5.19844632683882	-2.51256229840912	0.00029312907080002	0.00959853108442411
ENSG00000251593	5.47830687696734	5.62470903410793	-0.0677322156032713	1.17854836668003e-06	0.000178887335103497
ENSG00000253173	6.35310963442852	144269481.911766	-2.30527566570793	7.47195517504063e-06	0.000690912514154906
ENSG00000253204	6.14838767727298	144269481.704483	-2.47036328091872	1.27320172241554e-05	0.00102517498242995
ENSG00000253293	8.86059900357544	9.1014928336772	2.60493972512052	5.15232694941574e-07	9.94770068777596e-05
ENSG00000253506	3.77756505327295	3.83287251309512	-0.451126312246232	1.94823989313076e-05	0.00138290651708287
ENSG00000253525	4.86224690843713	4.96536381418955	-0.206866250511756	0.00225187010979035	0.0383533050315316
ENSG00000253552	7.67948500205593	8.03274673888657	0.906490505758836	4.85558108857135e-06	0.000498657846772685
ENSG00000253626	3.56248163666168	3.57135907834112	1.87319380197112	0.000242823497871157	0.00837186042517502
ENSG00000253676	5.10563484183568	5.17435811472242	0.563537064183092	1.85246475418025e-06	0.000242974915094491
ENSG00000253683	3.0617795705454	3.07268535950037	1.0403928712616	0.00300358590090135	0.0465864666660367
ENSG00000253882	3.68989715073238	3.71434189276206	0.581850108245587	0.00176727979283048	0.0327082289265113
ENSG00000253954	4.73612687560606	4.88091621096215	-0.782780796255181	1.12047331788217e-06	0.000173342968293387
ENSG00000254012	4.26178278892231	4.59494548306271	-2.19083439940734	0.000266098248959651	0.00894827107289457
ENSG00000254023	3.94532716885946	4.08605131357273	-1.49017000182222	0.000470215177775368	0.0134089324593454
ENSG00000254244	3.52886551198561	3.62840927178553	-1.44945174258699	0.00106573373541055	0.0232974800456505
ENSG00000254332	3.40810251804532	3.43314401081711	0.257401380040215	0.00163431877471889	0.0309354112227966
ENSG00000254369	8.06706904156073	144269483.638277	-0.80310531567118	6.45436527346156e-08	2.39645617707263e-05
ENSG00000254416	9.51861158054643	144269485.093246	0.579456710855754	2.8118221928806e-07	6.34210437411031e-05
ENSG00000254545	5.1786228585135	5.22764397484915	1.13001953251586	1.92460907100136e-05	0.00137421642957239
ENSG00000254919	6.23478288749201	6.28835511792435	2.05228691957409	4.05520166417937e-05	0.00233575744542494
ENSG00000255071	11.2386848781004	144269486.814694	2.27752611161152	5.60289917683065e-05	0.00293319671873386
ENSG00000255074	4.7406136657192	5.35180905823297	-2.385369978956	0.000164892440822533	0.00642894049565592
ENSG00000255921	5.4134719987653	6.03030715205364	-1.81374629634995	0.00305906880801966	0.0470567835247519
ENSG00000255967	4.39410958258343	4.57187676057774	-1.37632979317566	0.000215802009924362	0.0077733816530068
ENSG00000256211	3.78817729233204	3.86761933933592	-0.927878980267558	0.000368247783691363	0.011376247293963
ENSG00000256235	3.34754027902643	3.34791309116426	6.19261909926417	0.00250737445479361	0.0411373046172597
ENSG00000256338	3.36417930276583	3.37709540748275	1.12789691902828	0.00134093567458783	0.0271039711645751
ENSG00000256356	3.12131961710659	3.146235588495	-0.0520338229160647	0.00140738483402531	0.0280567461390779
ENSG00000256663	4.69685966180106	4.76365928240716	0.2193067452636	4.74443166821217e-05	0.00260232077001438
ENSG00000257017	10.5516839185537	10.6595664003792	5.38125244859757	1.4737963836904e-06	0.000208003520023299
ENSG00000257074	3.99579097057845	4.22396905320336	-2.01525239396339	0.000387128157228618	0.0116933053148379
ENSG00000257195	3.80183718461218	4.02798808776087	-2.17245823190871	0.000920610343408568	0.0210397822233166
ENSG00000257219	4.40283317539815	4.48296432635398	-0.323698885358593	0.00209459925890334	0.036622693999479
ENSG00000257702	3.53028485532962	3.54255521544346	1.37782393789209	0.00227477051760192	0.0386342798534868
ENSG00000257773	3.38257961263464	3.46926527768537	-1.42263475606044	0.0019686080065971	0.0350889111013401
ENSG00000257790	3.07955869463979	3.11989786383419	-0.730383482516298	0.00227748795584771	0.0386422976795466
ENSG00000257907	5.18790522642419	5.3101126989757	-0.105564225940057	1.36080346298029e-07	4.05452231797115e-05
ENSG00000258227	4.17200705578256	4.17489966955194	4.11345178379479	0.000809351960998086	0.0194410896730488
ENSG00000258334	4.08473433335952	4.20355230503144	-1.14608051222312	0.000420051890368474	0.0123177792492743
ENSG00000258427	3.18767614912622	3.22428427972447	-0.500572652118736	0.000986926136020189	0.0221155760136595
ENSG00000258476	4.60663320562889	4.78595070549468	-1.18625591854264	0.000802602035643944	0.0193699975282309
ENSG00000258501	4.66038252298973	5.2706967331008	-2.45426196049753	0.000270742314899909	0.00906179182744609
ENSG00000258645	3.31025855349137	3.37316461113496	-1.07261582737069	0.00221194984581191	0.0378872942362133
ENSG00000258675	6.93222820661101	7.55638449900437	-0.434582329127767	3.09172868347267e-06	0.00035196122663646
ENSG00000258754	3.97104099487913	3.97600417036929	3.12761491286215	5.22712225126182e-05	0.00280336374248784
ENSG00000258841	4.32340378375564	4.65715321059357	-2.13144395494786	0.000255712565705181	0.00870255822645825
ENSG00000258895	3.92498049902885	4.25409295789998	-2.46446059544992	0.00269009720967928	0.0432530353487007
ENSG00000258910	5.31944083964658	5.66181077862206	-1.30051632288941	2.46852776381622e-05	0.00163220408361481
ENSG00000258932	6.88092797082998	144269482.445162	-1.89496267905121	0.000497989253998141	0.0139102692777675
ENSG00000258955	3.89674398992376	4.0372762094904	-1.5422115811907	0.00192911614798658	0.0347442456085881
ENSG00000259051	3.67854126376085	3.73813657260794	-0.657367309970691	0.000107517025973427	0.00466693508065233
ENSG00000259137	3.31204930098385	3.39822019109282	-1.48120142603048	0.00281105401109987	0.0445157332702652
ENSG00000259394	5.72145663597598	6.34246118436521	-1.57576558682123	1.71947182292597e-07	4.76985436488453e-05
ENSG00000259612	4.2827811608668	4.31956383423238	0.618663451116057	3.15672632800911e-06	0.000356002024299869
ENSG00000259790	4.24363997848475	4.42004373008134	-1.50373388295269	6.28429850197461e-05	0.00317956520013952
ENSG00000260027	7.99257621282774	8.11682712154458	2.63554709164318	1.21105523461473e-06	0.000181537931876968
ENSG00000260057	5.01690446870839	5.63416647280251	-2.22689786988681	0.00149807569595919	0.0291099507618994
ENSG00000260290	3.72468204041622	3.75030498996018	0.553504779744924	5.91820511632957e-05	0.00303218066330267
ENSG00000260747	3.66972465893286	3.74106930561975	-0.906814353342303	0.000824767336304889	0.0196494915048195
ENSG00000260850	6.36787883749365	6.99120564571788	-0.983553678899798	0.000106127292313113	0.00461491184267507
ENSG00000260981	4.46120583533227	4.63513871811951	-1.23596236209168	0.00232808874753204	0.0392360990453479
ENSG00000261295	5.12042910167499	5.14558383147229	1.99424357638301	9.005686776525e-05	0.00409620954300079
ENSG00000261557	4.73031939943572	4.78350748202383	0.557087745477028	1.24115300609662e-07	3.74424833114197e-05
ENSG00000261614	7.14286734428128	144269482.709245	-1.64104881630723	2.52952110624925e-07	5.98504533119798e-05
ENSG00000263266	3.45613677376283	3.45979034927204	3.02515988378673	0.00059179503801255	0.0156605059730207
ENSG00000263820	4.58757003746723	5.19710717813645	-2.50874427787614	0.00121736780922015	0.0252622138501454
ENSG00000264350	3.81611826901091	3.82780289462891	1.74564743981771	0.000384240842937664	0.0116206372223779
ENSG00000265273	4.04830499315632	4.27681677401995	-1.95718159859134	0.00024878701419451	0.00851663234123448
ENSG00000266378	4.68600431753706	5.29667262980363	-2.441216456467	0.00144623301618701	0.0283536861191367
ENSG00000266920	3.76583428556591	3.82550251328455	-0.563227024087802	0.000210722220714847	0.00764747379658964
ENSG00000266928	5.96278704407556	144269481.516173	-2.60774941659008	0.00049576640466203	0.0138642252724374
ENSG00000266989	3.63977918525013	3.77830860359617	-1.75400265803871	0.00229553211257368	0.0388774540384935
ENSG00000267045	4.89711007975213	5.12998191385195	-1.19255257887662	0.00024437979961176	0.00840151293992909
ENSG00000267461	4.89372286105628	5.50632458786536	-2.25926412706168	0.00174057905594073	0.0323261664493101
ENSG00000267541	3.69111340436066	3.71052610950977	0.904395455849921	3.00533724827076e-05	0.00188188653055071
ENSG00000267679	3.52167277736321	3.69172661207426	-2.10226785661735	0.00165286477773197	0.0312374616646698
ENSG00000268034	3.00443805863529	3.04028657226017	-0.648700049673161	0.00328605212510693	0.0494077507860777
ENSG00000268222	4.14784548921895	4.17978124028231	0.676749671558569	1.00271212245967e-06	0.000158654949025137
ENSG00000268412	4.14951488165055	4.26849765498841	-1.08125170169425	0.000112068629731611	0.00481256994651728
ENSG00000269242	5.76350453317269	5.81823003300066	1.53533352916384	3.77669947678583e-10	6.07645767818328e-07
ENSG00000269378	4.83230064348355	4.89424993678411	0.448346063395068	1.62506322509747e-05	0.00123331056209127
ENSG00000270550	6.05138566860192	6.20063364245139	0.438859663545181	0.00231821581838536	0.039179146051059
ENSG00000270882	5.06932612569495	5.68410699926278	-2.13014445513073	0.0002243836713618	0.00798713204225026
ENSG00000270933	5.37508351270109	5.99613048804446	-1.90573995185058	0.000650181768056435	0.0167023551530459
ENSG00000270983	3.94332735416406	4.27233257525987	-2.44128718865195	0.00241871388368578	0.0401190658892596
ENSG00000271579	5.3815131525278	144269480.923072	-3.03282341143839	0.000758196902876339	0.018529202809832
ENSG00000271707	4.05937684964202	4.38993534865036	-2.33713298868944	0.000725088909955016	0.0180405110854169
ENSG00000273812	5.79014481527232	6.02616941016109	-0.369631056940632	1.59554566691186e-05	0.00121857275712819
ENSG00000273983	7.3090895319982	144269482.876522	-1.50854482646888	3.19442176075501e-05	0.0019674007120164
ENSG00000274267	6.45730879123112	144269482.017381	-2.22700354358197	0.000164846805204508	0.00642894049565592
ENSG00000275385	7.61070336271751	7.64714750614539	3.96815395377685	0.000517985030070376	0.0142706058398613
ENSG00000275395	4.52633972824398	4.52647527200135	8.89172178276197	0.0002565564643206	0.00870255822645825
ENSG00000275713	5.49926480983077	5.84173416026219	-1.11603301504697	2.30122123052605e-05	0.00156444149795819
ENSG00000275830	5.58137185038007	5.58479454853177	5.31512672677844	4.27251249872044e-05	0.00242120206583581
ENSG00000276043	4.59687200150503	4.59957097458718	4.6529279649829	7.84568850092e-06	0.000717226690459103
ENSG00000276269	5.15193793709531	5.18798761956755	1.51577544428521	0.00044944468016936	0.0129747582669944
ENSG00000276924	4.81852471102721	5.43136075949832	-2.32584453272027	0.00277572319196263	0.0441009239728941
ENSG00000276967	4.16646054056122	4.39626116707468	-1.87373705081765	0.000393842032419787	0.0117781705209655
ENSG00000277559	5.57968508398784	6.1997279409954	-1.70506980386595	0.00017669424643713	0.00677955316933814
ENSG00000277998	3.93081246513291	4.00318433320343	-0.669395884444499	7.29693343108986e-05	0.00351042039023659
ENSG00000279252	3.71509538526442	3.81567373032911	-1.29191412130494	0.00156258085888954	0.0300203739361017
ENSG00000279281	4.89478293191475	5.23310293056164	-1.6535103823997	0.000411359614742768	0.0121366172887555
ENSG00000279461	4.02642196383289	4.20075515350716	-1.67628347562696	0.00101217389460065	0.0224933745601216
ENSG00000279690	4.91449933216606	5.52737746337494	-2.23659605024908	0.00037599854643674	0.0115092842029835
ENSG00000280206	3.18751819877919	3.1918257000646	2.50089577343673	0.00204021090536851	0.0359404744453749
ENSG00000280543	3.86791643452617	3.98618398418375	-1.36007325630759	0.00101122211028982	0.0224929349398475
ENSG00000280800	4.91080361790665	5.1451263338269	-1.21406121487804	0.00016764992391324	0.0064944835693774
ENSG00000280890	6.23257273361429	6.47254071412908	0.0120545546531596	7.32346652771655e-05	0.00351042039023659
