logFC	unshrunk.logFC	logCPM	PValue	FDR
ENSG00000002586	3.33008514883401	3.33014047093618	8.92541551355745	0.00108105459172433	0.023483502715279
ENSG00000003436	3.91695627542347	3.91852886534776	4.72419029859982	0.00031265390173202	0.0100340282771284
ENSG00000005073	9.25937711189962	144269484.833627	0.333290382273369	0.000225511162592354	0.00800615475285888
ENSG00000007968	5.64082613083863	5.6633784215507	2.673359397614	1.45225867373149e-06	0.000204963806034128
ENSG00000008196	7.76732618156576	8.39319197063192	0.358426930789593	0.000307041941031696	0.00991987979231452
ENSG00000011028	4.16211277982386	4.16229067942812	8.12176918494095	0.000670295106386268	0.0170822619826042
ENSG00000012223	9.36220600919312	9.36421993088951	9.87885166672783	8.56509810618978e-07	0.000139750006470913
ENSG00000015413	5.04482793053498	5.09483186008859	0.956219803162415	0.0014661917977402	0.0286518808474997
ENSG00000024526	3.56465873047472	3.5693174750549	2.79147611409574	0.00249696015850087	0.0410845943751383
ENSG00000026025	4.01247984903006	4.01249574610944	11.4493790638165	4.56285815680655e-06	0.000474655253260212
ENSG00000026508	4.36306776616404	4.36315331671447	9.38670078543328	6.54840144788384e-05	0.00324604627311904
ENSG00000026751	4.29580066170524	4.31612653291804	1.45970881167039	0.000399864958417038	0.0118554556590133
ENSG00000029559	6.58904925351542	6.59951239439315	4.72421769998939	1.83420458657387e-05	0.00133736234115933
ENSG00000037965	5.80302420966909	6.14895091354067	-0.865290697115115	8.54531055528076e-05	0.00393573520880049
ENSG00000038945	4.24516255367753	4.24576818131409	6.44154217867524	5.98375116957832e-05	0.00305957310861448
ENSG00000041982	5.37511422195849	5.37524372824547	9.82650499389526	8.06786531439398e-06	0.00072652933394621
ENSG00000046774	7.33128128263077	7.97099496991885	-0.123106761742816	0.00274832313096088	0.043838751118711
ENSG00000047457	5.04228752912574	5.04290502132983	7.23438555718933	0.00121382601968613	0.0253631836875369
ENSG00000049249	4.91164825416016	4.95816080562253	0.922335699607495	0.000422327535663002	0.0123995775495023
ENSG00000051180	3.72424438951939	3.73149542301393	2.32870647833504	0.000450558145709458	0.0130380938711655
ENSG00000064666	3.53158931664571	3.53224916712034	5.56713914351333	0.00146375984928459	0.0286518808474997
ENSG00000064886	5.60266776138161	5.60297027390444	8.8339036095943	2.8481002451855e-05	0.00181436941300211
ENSG00000065328	4.74391662893816	4.75945234645266	2.29388501485106	4.86418561784306e-05	0.00263802821800055
ENSG00000065911	3.05028596453054	3.05079506364909	5.42012193058768	0.00104755801057721	0.0230509855514729
ENSG00000066279	4.91001879812273	4.91651287789733	3.70981107562345	5.23598972014048e-05	0.0028081194645749
ENSG00000068489	3.04998052112978	3.05151569846645	3.82957890155822	0.00238504285209269	0.0399326283358505
ENSG00000069011	8.08734889104146	8.21169046836805	2.73561490663589	3.77298952626565e-10	6.07048861512634e-07
ENSG00000069812	6.00459841881775	6.05406090059369	1.93254406518748	0.00304387190473412	0.0470423119602163
ENSG00000070748	4.27153073966801	4.50401772412289	-1.8128004029434	0.00313150925946386	0.0478328129543676
ENSG00000072571	4.20146956799098	4.2085742910443	2.85308538467582	9.36754113298245e-05	0.0041943643358701
ENSG00000072694	5.68234716778209	5.68869905717338	4.52737128881044	6.73097132696326e-06	0.000637040243156593
ENSG00000073792	4.35832871549488	4.36174341648625	4.06921995050044	0.000228946715030072	0.00808989754104797
ENSG00000074410	5.18425196965404	5.1848322750658	7.46877087599046	0.000121255748008907	0.00506295194194976
ENSG00000075218	5.10801792237234	5.11858544722408	3.21632854958213	2.12280498572457e-06	0.000264081317141633
ENSG00000075275	4.35432203234123	4.35709169083995	4.36561432024292	0.000897515557121808	0.0207167400204703
ENSG00000077274	5.89667846268953	6.04949027377945	0.250789213906404	0.00095124076186406	0.0215560981660349
ENSG00000078081	3.84108203255943	3.85639766172044	1.39154728460952	0.00144829626263125	0.0285198320842673
ENSG00000078399	9.8804947188541	144269485.45557	0.944199111537119	3.09767906292893e-05	0.0019267883119775
ENSG00000078898	6.11744053334043	6.45893895861615	-0.514720291287591	0.000692570086701718	0.0174837724607314
ENSG00000080986	5.71530855556612	5.73291330976219	3.10563826245996	3.44507662834742e-08	1.36300785817273e-05
ENSG00000082929	6.4930952192173	7.1195130569754	-0.890841404309244	3.80219846380267e-06	0.000411489944957012
ENSG00000085840	4.20477486640747	4.21509428423922	2.32498805570248	6.48895445486053e-05	0.00324232767730029
ENSG00000086991	3.90921415589791	3.91859673840849	2.15731742128718	0.000146587196258883	0.00585717780548326
ENSG00000087245	4.16584680466793	4.16616629502254	7.28119705899418	0.000559918952749062	0.015115306494011
ENSG00000087586	3.39145745253402	3.39393226327174	3.51461330697731	0.00118800230577698	0.0250403909586216
ENSG00000088325	3.60059534565186	3.60140511372819	5.34573582075474	0.0010683627210414	0.0232517741370605
ENSG00000089157	2.96879509342265	2.96881493036574	10.0098024049269	0.000795030494731547	0.0192257173946404
ENSG00000089225	6.87271753785811	7.11312007535397	0.641051903608399	0.00122965679214398	0.0254515754902253
ENSG00000089685	6.88428693236205	6.89412838620631	5.11254703442719	1.46503249116696e-09	1.47321225590931e-06
ENSG00000090382	5.01022686393744	5.01170092305608	5.94744842251062	3.51718958224729e-05	0.00209892367851703
ENSG00000090659	5.12775071198062	5.13338680782316	4.1375246252745	0.00244052753403642	0.0405645258308781
ENSG00000090889	4.71630138192889	4.72081722447978	4.03443627840611	7.21630052676322e-06	0.00066727278510691
ENSG00000091879	3.56078975964725	3.56180105221416	4.98434499490697	0.00156443306546578	0.0301325040717885
ENSG00000091986	3.69942308528332	3.69966953386622	7.16563139483069	0.000190260707398333	0.00706249387135303
ENSG00000092607	3.7652132415901	3.76872078601435	3.41035445525195	0.00126515536515116	0.0260300593201689
ENSG00000093009	5.35932398835082	5.37629223543444	2.79461565691486	7.58042236409458e-07	0.000129748874705715
ENSG00000099994	4.37765091397724	4.37949390432822	4.9753702580568	0.00314225241436346	0.0479665526680885
ENSG00000100162	3.39881312231837	3.40523803833726	2.15600728494811	0.00140571466077274	0.0281186168720964
ENSG00000100504	3.5249140400652	3.52528106517121	6.40567866430154	0.000555792953136822	0.0150375640482108
ENSG00000100985	6.98421414841829	6.99498941088568	5.0810605943717	2.68642556539038e-05	0.00174755241496311
ENSG00000101057	7.45996760748821	7.4795408869827	4.70804752060731	6.01318187177887e-11	1.81402664116889e-07
ENSG00000101278	3.49914514392373	3.61455275790874	-1.66751568150426	0.00215856548550992	0.0372857958069904
ENSG00000101825	6.28092093257275	6.28241630166789	7.21551359808766	0.00115787013020123	0.0245093125570121
ENSG00000101916	4.24717786856819	4.25374721284253	3.01433767305035	0.00328205005098858	0.0494129731319765
ENSG00000101955	4.6610117207154	4.66172877288046	6.62793451655138	0.000170447198656261	0.00658171630779233
ENSG00000102007	4.85487820582547	4.85570631128139	6.61945503626632	5.05824914206754e-06	0.000508649103311075
ENSG00000102359	5.68676733932387	5.69058584081761	5.26513584589338	1.82327405666555e-06	0.000239146174367209
ENSG00000102575	3.8310917367095	3.8348036829464	3.39792249704007	0.000227015192964224	0.0080452050910405
ENSG00000104055	5.54616511044111	5.62937432206136	0.746927491936722	5.38460361116579e-05	0.00286149539423093
ENSG00000104147	4.37079171769026	4.39536792092182	1.27032959837826	5.16255672991329e-05	0.00278731866039658
ENSG00000105011	5.99391187076708	6.00522770387569	4.01797993983753	4.32006028556548e-09	2.8387089092575e-06
ENSG00000105137	2.93068625102499	2.93122695683939	5.20088110401281	0.00219228058984718	0.0376287034437058
ENSG00000105559	3.50850474845316	3.50898721827506	5.99419236153707	0.000240781851464639	0.00831334649963892
ENSG00000105974	4.08516565187805	4.08548692930181	7.1890109759821	0.000508888923523359	0.014132940483674
ENSG00000105991	6.78204727012652	7.12869062493482	0.0887455963039199	1.60614072813614e-07	4.55498777246522e-05
ENSG00000105996	8.23139805595426	8.86562541276675	0.763389491632224	1.303339707465e-05	0.00104154968542915
ENSG00000105997	8.31208189663266	8.66182240293833	1.56589037243635	2.10174552292553e-08	8.81043510786762e-06
ENSG00000106004	7.96960047374062	8.20949783046596	1.73762804687829	2.75836377555245e-10	5.12079625839868e-07
ENSG00000106006	8.42924614636565	144269484.001669	-0.456930320083743	2.67706782025002e-07	6.09512780885981e-05
ENSG00000106031	5.88707048062861	5.97718756089014	0.99741359963135	0.000435641525838946	0.0127175138858604
ENSG00000106066	3.67794004621434	3.67848820476217	5.99008134997673	0.00112935384216121	0.024098873233173
ENSG00000106333	4.77517670591485	4.77567933501385	7.25746547918069	0.00259009388677419	0.0421790322964968
ENSG00000106366	4.45124051723376	4.45141499689057	8.44991143658173	0.00190820921588768	0.0344964203866916
ENSG00000106462	4.34832696367385	4.35068797149238	4.58851441799954	1.38060673968962e-05	0.00108151958281675
ENSG00000106483	4.33517010919783	4.3365174832954	5.38237761563517	2.24722870864097e-07	5.53414465860623e-05
ENSG00000106511	5.15502991444755	5.1617314767192	3.91599819406256	8.31159478496413e-05	0.00385013490480469
ENSG00000107159	5.78944032791419	5.79620167125572	4.54671650337202	1.07607511226867e-05	0.000904877935870804
ENSG00000108511	8.15197854793085	8.77605466505804	0.749236396787149	4.02453615492485e-06	0.000426000682293668
ENSG00000108821	7.0660860657765	7.06628026119404	10.9499432268709	0.000141021528428551	0.00572002280183975
ENSG00000108846	4.90326824011674	4.90504228661374	5.57198070396497	1.22154423058119e-05	0.000989286861102228
ENSG00000109674	3.86235135820704	3.87774613680729	1.4002105952296	0.00109116609673883	0.0235538137686606
ENSG00000109705	5.8490441064209	6.08943862850179	-0.375130517847982	3.52066141790829e-05	0.00209892367851703
ENSG00000109743	3.47279606005939	3.47722092462158	2.76841773659772	0.00118284990972967	0.0249972852201541
ENSG00000109805	6.08902037033629	6.10367226909883	3.74263895837485	2.15472961975525e-07	5.41690048366387e-05
ENSG00000109861	3.22696139663262	3.22718386228597	6.80646747542052	0.00299163409057486	0.0464010907081835
ENSG00000110077	4.82828181513255	4.82910896359369	6.59379477565199	3.43061241528296e-05	0.0020750476198105
ENSG00000110079	4.7046874801975	4.70629439988128	5.50996057608983	0.000182491821060951	0.00692493334824683
ENSG00000110492	3.92896188103426	3.92932324263776	6.85584686020477	2.46941000334916e-05	0.00163278742522818
ENSG00000111206	4.48067319409105	4.48300256839306	4.7446603349887	2.27903723929763e-05	0.00155373685687031
ENSG00000111247	3.99476685707126	3.99941041744244	3.24747852031483	0.000239402884091346	0.00828945366522317
ENSG00000112299	4.92434517601694	4.96087004848692	1.26403097807314	0.000301277465676022	0.00978604354862061
ENSG00000112303	4.3441891313508	4.35369757133574	2.58438350279947	0.00238616476198663	0.0399326283358505
ENSG00000112715	3.73182899192903	3.7318944744874	9.11167891146701	0.00272896377634214	0.0435883654710356
ENSG00000112742	4.79019184813463	4.80014737222097	2.97539869477382	1.53664479435599e-05	0.00118483659638938
ENSG00000112773	4.19102562735537	4.19202393441087	5.66473163598346	0.000971694047597642	0.021814757343927
ENSG00000112984	6.80148295632419	6.82557195474875	3.74774424978354	1.81221969545956e-09	1.68215808193158e-06
ENSG00000113083	5.62377875726932	5.62507279022999	6.75937090125024	2.41251874991708e-05	0.00161284563740994
ENSG00000113088	3.82008900320255	3.85999968244405	0.0337829016471921	0.00256287917855101	0.041905505484519
ENSG00000113140	3.20892300771483	3.20893261405503	11.3196532191195	0.000525004593710199	0.0144805267024022
ENSG00000113368	3.46884977782094	3.46956436624692	5.38561259626082	0.000864198655840483	0.0202630709316002
ENSG00000113739	4.14713524150536	4.1492007929934	4.57263927296708	0.000594302830552047	0.0156924557030012
ENSG00000115107	4.69412485067173	4.69495722210521	6.44700819071521	5.72600439149581e-05	0.00297185784912602
ENSG00000115163	5.68175978526351	5.72043888012329	1.9426088273213	7.32539301104963e-08	2.59986816071576e-05
ENSG00000115380	4.03965770665469	4.03976869169428	8.67443440258287	0.000144126391148934	0.00581395137957822
ENSG00000115414	5.21037011919197	5.21039678744625	11.9383766484281	0.000102031040090717	0.00446090058251696
ENSG00000115457	5.6873529790789	5.68772698043863	8.61367103651327	4.04328484450712e-09	2.78801818392385e-06
ENSG00000115590	6.90007656478101	6.95434873041118	2.6962805547181	0.000114771819715298	0.00490285809204913
ENSG00000116132	3.38901787977102	3.38928278199468	6.73022005743237	0.00037072378890676	0.0114129401720535
ENSG00000116157	3.03835236907125	3.0395002187877	4.23565151344498	0.00177521499762564	0.0328047769928769
ENSG00000116833	4.61888351137645	4.65989578897944	0.811736293990266	5.73511671698646e-06	0.000564944109582658
ENSG00000116962	3.5838482521229	3.58415474038513	6.72841231646719	0.000942452902483374	0.0214779587804851
ENSG00000117091	3.77502030264354	3.7802232941663	2.85474853428477	0.00163419435700466	0.0309808144170342
ENSG00000117122	5.96138745241282	5.97071405703092	4.25840913806763	0.000196467569879824	0.00724518925275989
ENSG00000117226	3.18772487371387	3.18857727325823	4.82806870783261	0.00305517429386918	0.0470539734577146
ENSG00000117228	3.67291857055328	3.67337738841704	6.24155087497229	0.000613965614666954	0.0160884322957353
ENSG00000117318	3.2795721094247	3.27973882586827	7.27959010506167	0.000905153831779393	0.0208308214087269
ENSG00000117399	5.05868929812111	5.06317258199159	4.39657186913196	6.8777610007883e-07	0.000120683970834767
ENSG00000118113	6.62148086775293	144269482.183409	-2.07812482660323	0.000389777631809016	0.0117001161269637
ENSG00000118193	5.26691620092532	5.28684683329895	2.47365597908078	3.75273674465451e-06	0.000409812437083674
ENSG00000118785	3.68555311615436	3.68556611080049	11.3957023819124	0.00137625013272832	0.0276786839193878
ENSG00000119655	3.59632047136599	3.59643592296861	8.1497524413105	0.00147046280929243	0.0286657103711336
ENSG00000120068	7.454673840022	8.08879158058965	0.00331466403992205	0.000144300856731887	0.00581395137957822
ENSG00000120075	6.96187088902735	7.30651179736991	0.275533983933418	0.000454361590668358	0.0131167017095576
ENSG00000120093	6.50609143908642	6.53540879201119	3.17456100520998	9.21055621832898e-08	3.00388599693448e-05
ENSG00000120708	6.35079616785876	6.35121885779318	9.10798454584333	3.52226771276787e-05	0.00209892367851703
ENSG00000121152	4.20048550285742	4.20590932542066	3.23928723037312	8.47308874847572e-05	0.00391742382865351
ENSG00000121552	5.68332282067691	5.71175290222237	2.3855521410394	1.54638486792243e-05	0.00118854943956815
ENSG00000121621	4.49467734052179	4.50858117366352	2.20290442707994	2.22280058200461e-05	0.00152400764903691
ENSG00000121743	6.12649518866089	6.25095884754917	0.775893286973016	6.41109711354458e-06	0.000621121992278301
ENSG00000121807	4.17402269097798	4.19014957922275	1.66163843331873	0.00251221488497973	0.0412822733468041
ENSG00000121966	3.16585411065278	3.16625370664958	5.89537837693974	0.00238724579316834	0.0399326283358505
ENSG00000122176	3.69049376611253	3.69104456311411	5.99650148573847	0.00305068844973323	0.0470539734577146
ENSG00000122592	8.03975854111417	8.66519532185397	0.637648298756935	5.61828957889372e-07	0.000102721061134107
ENSG00000122861	5.25574924038252	5.25676766665961	6.73073608386333	0.000113347737938309	0.00486749876762127
ENSG00000123009	3.64446315412698	3.67303882875045	0.320489351484499	7.00328533376686e-05	0.00338344193906717
ENSG00000123080	3.64803481998099	3.64855156628567	6.04357943474274	0.000117869175934668	0.00497483688719958
ENSG00000123131	3.28372246840315	3.28397462468787	6.68739966837366	0.00162911660921602	0.0309464350340133
ENSG00000123219	4.56173752167355	4.57151140066322	2.77159474294074	3.0220202032737e-05	0.00189437495028072
ENSG00000123364	7.71180133212097	8.34596975009291	0.25530262572152	6.58663752823946e-05	0.00324604627311904
ENSG00000123374	3.5169308186014	3.51818296009639	4.62940873717096	3.82431138549386e-05	0.00221865218695934
ENSG00000123388	8.76259134341825	144269484.335871	-0.144617756131263	4.71615394040614e-06	0.000486408799990435
ENSG00000123485	5.54583153271805	5.56105765150172	3.1435137929439	4.4312787098281e-07	9.14055387888814e-05
ENSG00000123975	3.63115986130448	3.63277439516983	4.3843872659427	0.000849576790366968	0.0200623153216403
ENSG00000124102	7.73665948350189	7.77760984704003	3.9372930104115	2.00543463795431e-05	0.00140695231256946
ENSG00000124399	3.73660681674039	3.90892348297393	-1.92929551254513	0.0015460528064567	0.0298954078016951
ENSG00000124491	5.62681944307123	5.62729231068947	8.2140303836663	0.00038568231011938	0.0116060559506498
ENSG00000124657	5.01231608857232	5.62591945214381	-2.1778867744024	0.00200495844810966	0.0355008563365213
ENSG00000124731	5.67857451678114	5.68350880141037	4.88786021622142	0.000131535472357537	0.0054100281532896
ENSG00000125430	4.05486161708568	4.05778429689181	3.97613242084979	0.00104059666643037	0.0229769075458652
ENSG00000125492	5.04448753036545	5.6601814784967	-2.12973959886003	0.00293251332702299	0.0459336335375363
ENSG00000125726	7.50375878236283	7.55315666723564	3.43451232291791	0.000698435160277896	0.0175950252172722
ENSG00000125735	4.13350836992493	4.14630838059845	1.9495256509986	0.00210642558462163	0.0368113505135833
ENSG00000126778	4.0399471044015	4.04702603545628	2.69277797697937	0.000561404923092012	0.015121591979802
ENSG00000126787	6.88851281396746	6.92524143287498	3.23413157161287	2.75410245130307e-09	2.10221163527401e-06
ENSG00000127129	5.08813371678764	5.69938718574812	-2.08631171057227	0.00214093417046301	0.0372257242578921
ENSG00000127863	3.78688791510888	3.7877647685304	5.42837727490022	8.97782161888129e-06	0.000786235666697624
ENSG00000128262	3.54974098489205	3.56086308494004	1.53865331988168	0.00106846016068617	0.0232517741370605
ENSG00000128602	2.81789672561783	2.8183353556479	5.37609922458541	0.000601606163931941	0.0158160818740016
ENSG00000128652	6.75997628878804	144269482.323213	-1.9709014393653	9.23168158277362e-05	0.00416443744520857
ENSG00000128709	8.9907688800843	9.62484153326219	1.50718003653846	8.70080507888186e-07	0.000139921460547493
ENSG00000128710	10.9474866241805	144269486.523362	1.99336860208433	1.16389031263792e-07	3.64796477989656e-05
ENSG00000128713	10.1000296689211	144269485.675321	1.1556217659724	5.53305625274476e-07	0.000102076717139134
ENSG00000128714	9.13574794154843	9.75640067009806	1.73081335279285	3.80278150236704e-05	0.00221147780188256
ENSG00000129038	5.1306518763253	5.13212687890999	6.06929241021892	0.00218366429930166	0.0375360072644916
ENSG00000129173	6.83251198219373	6.95668605088845	1.4853671853273	9.03205289365438e-08	2.98602143199253e-05
ENSG00000129195	5.26569896085977	5.27341095974958	3.82648250143688	2.95329133269093e-06	0.000336201570863976
ENSG00000129474	3.1773001169664	3.17999555976528	3.159311001088	0.000918209082685562	0.0210710706353298
ENSG00000129810	5.76164401055208	5.801827622084	1.9776294318441	5.54075161399958e-07	0.000102076717139134
ENSG00000129988	7.56842295659362	7.6737694946988	2.44053686499665	0.00126888696828181	0.0260845980345087
ENSG00000130201	4.39293387903974	4.42024036803276	1.14466238380464	0.000188054900123063	0.00706025517461551
ENSG00000130208	3.42784977749997	3.42810838352668	6.80640867694426	0.00245629821753638	0.0407144925700707
ENSG00000130513	5.12998397267698	5.13364750007503	4.75918609732816	0.000623512668396195	0.0162121354567427
ENSG00000130600	6.27968751620461	6.29185174570054	4.19846460854196	0.000216239087614328	0.00779800043311946
ENSG00000130635	5.7060087678677	5.70638344732712	8.62999371171223	0.000831100213322222	0.019800367767343
ENSG00000130675	7.50899637153606	8.12582161273095	0.151607817752041	0.000859386806231341	0.0202543370913937
ENSG00000131080	3.98090107767209	3.98566421749445	3.19768398824215	0.000384253990249929	0.0115962233279017
ENSG00000131203	6.76538557801304	6.88719765912458	1.45261029816933	0.000392609093543399	0.0117267671578916
ENSG00000131668	4.7863912964161	4.87802402361107	-0.129459118058806	0.000583655486739948	0.0155057377387259
ENSG00000131747	7.164809555564	7.17028446386503	6.23400877708106	2.78738594218813e-09	2.10221163527401e-06
ENSG00000132432	4.79065618958875	4.79083912871079	8.73111727491872	0.00146558657286101	0.0286518808474997
ENSG00000133048	6.50215093361048	6.50221051913571	12.086797152255	5.01590228537315e-07	9.68430286041564e-05
ENSG00000133110	7.55083372012234	7.55314763730638	7.86346403072172	5.32002095742931e-05	0.00284056163244688
ENSG00000133937	6.66844123156264	6.85212995872708	0.78663304599384	6.87522891988689e-09	3.60710379896848e-06
ENSG00000134013	5.47160378688137	5.47249775737592	7.13827375417003	0.000180334337649987	0.00687549590022872
ENSG00000134028	9.35780087945831	9.98692783698589	1.90926279712318	1.93454838545963e-09	1.7291996568401e-06
ENSG00000134242	3.51091532643052	3.52163832742096	1.54639450913628	0.00247736753612093	0.0408952039102206
ENSG00000134339	9.20578798137224	9.27598953086329	4.63380082625524	2.9429743845817e-05	0.00184962874472642
ENSG00000134460	6.45726485473643	6.48587140585396	3.15487558315376	2.11094082929798e-05	0.00145975489897643
ENSG00000134668	5.06798802051897	5.06940714555578	6.06208585483336	1.89724793282959e-05	0.00136274350032468
ENSG00000134690	4.20504850126788	4.20925450140398	3.60996420219261	3.7377218533253e-05	0.00220015071239397
ENSG00000134871	3.91537894683244	3.91548078746042	8.66823566871059	0.000562928263968137	0.0151457198691271
ENSG00000135046	4.32424302809341	4.32442492673951	8.2583446925374	2.38236049692276e-05	0.00159710800646483
ENSG00000135451	5.97341204751715	5.99375215541328	3.15457433253435	1.14498234810728e-06	0.000176006394835803
ENSG00000135476	4.25947129781094	4.26621437059893	2.98920896421033	6.29573302819876e-05	0.00317205054076303
ENSG00000135842	3.65826692873126	3.65882242586677	5.95008521092449	0.00101953386490133	0.0225530983460391
ENSG00000136231	5.82941729232046	5.85082307353431	2.9372205724758	9.83198851045544e-09	4.74570421422663e-06
ENSG00000136286	3.67069985445066	3.67311286858482	3.84925105489436	0.00277057698618497	0.044106269778752
ENSG00000136518	3.08696812631516	3.08752868802805	5.32170604295082	0.000313070591893565	0.0100340579877281
ENSG00000136542	7.1714300851881	7.2128713289134	3.35289310305455	1.40469835097374e-05	0.00109358032265807
ENSG00000136574	7.5965250495372	8.22519119589596	0.175116170123213	5.64062153450346e-05	0.0029454503513751
ENSG00000137078	4.00518757395182	4.05111479644304	0.0197293412298756	0.00168108990117431	0.0316716812450747
ENSG00000137310	3.88954141249227	3.89122141361405	4.59967268324498	0.000336152352063973	0.010577184960511
ENSG00000137404	3.37537540379919	3.3769503161256	4.14749374924095	3.76096986763499e-05	0.00220702432373779
ENSG00000137441	9.32875366189187	9.34357523769594	6.97239987676185	0.000970424573563434	0.021806542512458
ENSG00000137745	7.20117168691412	7.54579841521636	0.51504181095723	0.00087035400579185	0.0202844251670859
ENSG00000137752	3.10857823510739	3.10969344937042	4.35440261649593	0.00202510340783236	0.0357890765217596
ENSG00000137804	5.36275472302869	5.36616920643157	5.09694912031685	2.35343766141339e-07	5.67978645205507e-05
ENSG00000137807	4.24745804241207	4.25145407411887	3.72644142878641	0.000274590965890791	0.00916594518784003
ENSG00000137812	5.42221035533502	5.43493633952656	3.26650199562336	1.43764963246412e-06	0.000204963806034128
ENSG00000137869	5.49313718118275	5.53121105133739	1.78328200666086	1.17497773800111e-05	0.000971127148250647
ENSG00000138136	5.63576987639367	5.98169179979395	-1.01482498823835	0.000349596804997049	0.0109431508324238
ENSG00000138180	5.81680545717294	5.83693394012387	3.01383599078066	1.1844303657993e-07	3.65084480865734e-05
ENSG00000138755	6.56964290787044	6.58388425538139	4.26418689299486	0.00045904321880286	0.0131730666380359
ENSG00000139146	3.73622890280252	3.738309265579	4.13154701783362	2.31712170652717e-05	0.00156642619790831
ENSG00000139239	3.0178724033999	3.02096936800695	2.78877682905204	0.00106220711188951	0.0232517741370605
ENSG00000139329	4.85419621957749	4.85546687932943	6.00145779560379	0.000669973752809236	0.0170822619826042
ENSG00000139354	3.25980888620816	3.26242350763787	3.29308640086219	0.000376476347888236	0.011472070934261
ENSG00000140030	4.60591573263826	4.61178916157734	3.54378936856293	3.24606288867384e-05	0.0019861473208502
ENSG00000140682	3.63299677126672	3.63403517369991	5.02207190774839	4.26198654267989e-05	0.00241452542772386
ENSG00000140931	3.11652213456691	3.11692526599343	5.82927112590172	0.000467541249306883	0.0133061798476089
ENSG00000141756	3.16125823725396	3.16139060582416	7.48360365431166	0.00149520892999478	0.0290542450213316
ENSG00000142173	5.57103206934408	5.57116767503587	9.95912292801377	0.000880293722787271	0.0204869900730453
ENSG00000142227	3.77800704689308	3.77843769428927	6.44407100541132	4.33019481227515e-05	0.0024360121584953
ENSG00000142700	5.03545212013145	5.04854554795951	2.83388630908921	0.000209646778620738	0.007654486165254
ENSG00000142945	4.67171562310661	4.67591649792975	4.09275555517468	8.56953568239228e-06	0.000762936533757815
ENSG00000143185	4.13513388844629	4.46655997586196	-2.28788191339584	0.00139223480259213	0.0278895688666381
ENSG00000143226	4.03974991834102	4.04016647544952	6.76703581821946	0.000648760160775253	0.0167277539745192
ENSG00000143228	4.74097985783779	4.74923496237385	3.19437106210718	1.17262520968904e-05	0.000971127148250647
ENSG00000143355	5.89913248692737	5.93147309479015	2.41850310045986	5.48826067083543e-05	0.00289833004441887
ENSG00000143476	4.79143257897706	4.79805130602779	3.56515887928299	1.78960991593944e-05	0.0013127795049022
ENSG00000143768	4.55770639746405	4.56860299627901	2.61205052268112	0.000683507304053261	0.0173457048117996
ENSG00000144191	4.10536444853493	4.10697883458813	4.88274544004141	0.00326654727493177	0.0493334492698393
ENSG00000144354	3.90056557272877	3.90340419662745	3.85539613900868	8.59439217899278e-05	0.00395080115900594
ENSG00000144810	5.81274863963864	5.81485227375154	6.25061296420897	2.76243790505051e-05	0.00178736397856539
ENSG00000144820	9.45284619110664	144269485.027393	0.528007762002223	0.000258319631639407	0.00878068449293727
ENSG00000145386	4.05850130869687	4.06159138953161	3.90106332087835	8.7656037947749e-05	0.0040138763652431
ENSG00000145703	4.24409864094408	4.24651210385783	4.44940801506109	1.33631270579414e-05	0.00105959623796901
ENSG00000146410	3.33513055730604	3.35128494081273	0.78161782969349	0.00270903580527428	0.0435196822212252
ENSG00000146648	4.805751707753	4.80584712111393	9.68559466849082	0.00109209901413488	0.0235538137686606
ENSG00000146674	5.14262017360943	5.14282111373813	8.95589071061823	0.00132762478542774	0.0269251231693387
ENSG00000146677	3.72706771897289	3.73413515806862	2.36758335745388	1.93118108187715e-05	0.00137484142271455
ENSG00000147614	3.99145236057631	4.09130259523786	-0.984332348027674	0.00184386459973671	0.0336864710446978
ENSG00000148735	5.93601463427857	6.04183165861065	0.809247050846606	6.64507561572774e-05	0.00325972680530135
ENSG00000148773	6.1959887352347	6.2011916040182	5.33323902890351	5.28649062522268e-07	0.000101257273610416
ENSG00000148848	3.93138656415137	3.93226442680181	5.5792182258686	0.00177032023920219	0.0327393936037592
ENSG00000149257	4.14537565848464	4.14565886012053	7.43386891708485	0.000198312524154242	0.00728474042304181
ENSG00000149418	3.95870375195048	3.96090567413845	4.28321232294852	0.000233181658960535	0.00814414783987489
ENSG00000149948	4.84297227204118	4.85879403111493	2.37426224957821	0.00280390480555415	0.0444339985262094
ENSG00000151388	4.86900514356528	4.878437338374	3.13376450325196	1.19298892931319e-05	0.000981874458538365
ENSG00000151725	5.17765893882996	5.18542695890582	3.72645791342475	2.50053667985187e-07	5.85902448849952e-05
ENSG00000153976	4.22235571451705	4.2372223129122	1.82253785242295	0.00289692453530932	0.0455468252346288
ENSG00000154451	3.89033197504195	3.89519563175689	3.07342744346751	0.00106722798075045	0.0232517741370605
ENSG00000154545	4.07276625013777	4.11621009716143	0.160538961270886	6.27670896381011e-05	0.00317205054076303
ENSG00000154839	5.06906653324031	5.08815615196179	2.33144503502866	4.67217582457176e-06	0.000483941164593197
ENSG00000154997	4.05061608751039	4.27893915833922	-1.96023924919599	0.000867582730187068	0.0202844251670859
ENSG00000155659	4.07734416925174	4.07756449456873	7.72482951227976	0.00168628866764254	0.0317315042864069
ENSG00000155660	2.9824286321617	2.9825304604795	7.66536242165074	0.00272931610042697	0.0435883654710356
ENSG00000156234	8.73826128375878	8.82141873162002	3.93151393121	0.000506289098209209	0.0141094469932807
ENSG00000156869	4.75769261415206	4.79062074227939	1.24210796424587	2.65862069004847e-06	0.000312990984066487
ENSG00000156970	5.03228123918401	5.04069515290642	3.46201609238752	1.06795927855956e-05	0.0009011933296768
ENSG00000157150	3.6658920282311	3.66663300789204	5.54318185215327	0.000635865891375353	0.0164303933859237
ENSG00000157227	4.79278137484926	4.79301947272147	8.35322251236696	6.42324511322816e-05	0.00322283986616733
ENSG00000157456	5.67517357740778	5.68422991540579	4.01359536444961	1.20771590825986e-07	3.65084480865734e-05
ENSG00000158104	5.81940814015301	5.84199130510172	2.8501969638809	0.000185652991272049	0.00702280453191163
ENSG00000158164	4.65547663029228	4.67104945127235	2.20035393161078	0.00215740719954269	0.0372857958069904
ENSG00000158402	4.33775434890547	4.35470508307997	1.75606771488581	0.000179944611311939	0.00687149248323154
ENSG00000158710	3.35246497449178	3.35253365796133	8.63754257795081	0.00146888763018585	0.0286657103711336
ENSG00000158714	4.4223127889969	4.42577410396793	4.11523513998055	0.000304468918565259	0.00984993683733775
ENSG00000158869	3.53596558708392	3.5363587799931	6.3182396213682	0.00152297446541506	0.0294987686583684
ENSG00000159217	4.30666543769588	4.53668832975049	-1.73289691584009	0.00104657738158428	0.0230509855514729
ENSG00000159403	3.9010532063701	3.90115076631797	8.71508262883101	0.00119841254938415	0.0252157702413574
ENSG00000159556	4.28236168398581	4.34380764997621	-0.0981836930649537	0.000167781035414659	0.00652049518308757
ENSG00000161888	3.71636686840646	3.71959856093325	3.47619088129223	0.00143605770129599	0.0284378984356374
ENSG00000162458	3.48186846679182	3.48283701583432	4.96115013516777	0.00188874513805246	0.0342214528241428
ENSG00000162493	4.48342220069693	4.48368619897693	7.88578337173216	2.10191340402225e-05	0.00145889910970728
ENSG00000162645	3.49585868957056	3.49627488819961	6.19346625571528	0.000661909894686586	0.0169401202527742
ENSG00000162692	3.18163303284516	3.18201259733439	5.98725549978048	0.000242019629362156	0.00832338821477669
ENSG00000162723	4.62070501753163	4.69435124667807	-0.000799178722393042	0.000285378526868968	0.0094469169599554
ENSG00000162739	4.21158567288337	4.23501801337173	1.17451822581685	0.00199520142681238	0.035432075963716
ENSG00000162777	3.60341938960558	3.60644250277854	3.45412474779601	0.000708516598584418	0.0178118120731629
ENSG00000162840	3.98091201677564	4.00232608688524	1.06211434981843	0.000232679000665211	0.00813836956819451
ENSG00000163017	4.73775259996275	4.74052794120178	4.75716532848908	0.000983879187801694	0.0220677884000057
ENSG00000163041	3.02080720923807	3.02135427691015	5.28377878947821	3.09538693274404e-05	0.0019267883119775
ENSG00000163064	7.20364252074269	7.34906605308253	1.65936579729166	4.52930153016946e-07	9.18031624997066e-05
ENSG00000163191	3.84993739348308	3.85016519690226	7.43820455081607	0.00040041221925361	0.0118571147232719
ENSG00000163220	4.05304857163893	4.05368817071008	6.16282913605329	0.00314714458959069	0.0480108644280541
ENSG00000163297	3.3459036507295	3.34671048963901	5.07804645895491	0.00144122302467259	0.0284635650388285
ENSG00000163359	5.79252042477514	5.7928363468619	8.96371079869372	0.00245902830218237	0.0407230961977763
ENSG00000163430	3.44729460476654	3.44738708905879	8.31040189549789	0.00138055578898223	0.0277421593766004
ENSG00000163453	3.53724594200592	3.53729076201628	9.45165485990753	0.00327401357826753	0.0493844023111928
ENSG00000163661	4.45736203884041	4.45872849483402	5.48924922668646	0.00118776166261236	0.0250403909586216
ENSG00000163694	3.50847046990516	3.50997882946211	4.35199577494397	0.00096168509991057	0.021670689263531
ENSG00000164047	8.32582076991187	144269483.897903	-0.595365021918736	0.000225103705063953	0.00800615475285888
ENSG00000164107	6.06142233881641	6.24206467051382	0.226942697796884	0.00142441843298969	0.028363790810044
ENSG00000164111	3.12065488378688	3.12070119057565	8.95419858529546	0.000547703862950713	0.0149154857856965
ENSG00000164294	5.73550020289948	5.7410929215311	4.76586817502213	1.49222899763458e-07	4.29877578363306e-05
ENSG00000164649	3.44496919365079	3.44606116339637	4.74845695289733	0.000393343570304423	0.0117296383878545
ENSG00000164692	5.93798800131429	5.93809778292752	10.6356712877157	0.000618496809745553	0.0161720498444195
ENSG00000164778	4.04421166264338	4.05820165921496	1.72882622700151	0.00137321647917473	0.0276407060120125
ENSG00000164879	5.3787689651487	5.38449511621621	4.36891045275848	5.96600624735996e-05	0.00305697653447527
ENSG00000164920	4.40156748772196	4.45122313679741	0.311025057063722	0.000140083598706583	0.00570114261582574
ENSG00000165304	7.16839036995045	7.20055131855775	3.70412796661361	1.2240650216557e-09	1.28441674924516e-06
ENSG00000165480	3.86974082873287	3.87601017632151	2.68853784035542	0.000745780711866365	0.0183460512156157
ENSG00000165891	4.81724287823376	4.82796875453796	2.8997262808864	6.7848300483168e-06	0.000639629251508116
ENSG00000166130	3.62758733600414	3.62888867448591	4.6913311112813	0.000242445842072512	0.00832338821477669
ENSG00000166483	3.93596317728109	3.93703930093859	5.2907814634376	9.99678933106807e-06	0.000849515893366186
ENSG00000166741	6.49609840381471	6.49735166734447	7.68702601171701	3.6979531234651e-05	0.0021820635863498
ENSG00000166803	5.60809354395489	5.62027484192937	3.51941737468464	2.31888619765603e-07	5.65292924184148e-05
ENSG00000167553	4.2203574886899	4.2208918519334	6.5962384137573	3.91292812548643e-05	0.00225920113350453
ENSG00000167900	3.81862250980937	3.82096725498433	4.04665008492477	0.000275221826063204	0.0091743142958693
ENSG00000168078	7.06696164323116	7.09308661187185	3.89353252007899	1.00547498588041e-08	4.75806535475252e-06
ENSG00000168333	6.78769039865752	6.94408244381468	1.10068545708993	0.00326101082248528	0.0492806732560174
ENSG00000168447	7.83775507215978	7.91494963576752	3.13303416214688	0.00021663441704639	0.00779800043311946
ENSG00000168542	7.28251293389044	7.28288680686634	10.2224917399825	4.45450258133025e-05	0.00247707293312959
ENSG00000168779	8.1043768792053	8.18828729582392	3.30149386931048	4.91059369332678e-13	3.95040893982495e-09
ENSG00000168938	3.19695242102198	3.19828007611681	4.19946812436643	0.00262820628179157	0.0425413349461822
ENSG00000168995	4.50752592863037	4.52063788986842	2.29603084767995	2.44259869153747e-05	0.00162395803916158
ENSG00000169105	2.77194615288042	2.7725426546944	4.88193446855067	0.0012520501405001	0.0258044219392223
ENSG00000169245	5.51118348590303	5.51497938593316	5.09557518430475	0.000862349637322413	0.0202630709316002
ENSG00000169253	4.91616689088262	5.15022704828347	-1.19971849352239	5.47633518153714e-05	0.00289833004441887
ENSG00000169385	4.31719904333316	4.32194855105678	3.55244423251912	0.00077830520131652	0.0189160299381399
ENSG00000169495	4.38241126275866	4.52438439249144	-1.07266782218012	0.000898749763878031	0.0207167400204703
ENSG00000169607	3.86853373348854	3.87313154052582	3.13072976402191	0.000763846877275487	0.0186397174278732
ENSG00000169679	5.39443622614103	5.40279677656526	3.84019125736224	6.12318380696753e-08	2.30901434370866e-05
ENSG00000170162	6.58345449320628	7.20763346380462	-0.781383518223448	6.69908291131525e-05	0.00327278678100572
ENSG00000170166	5.26376067808161	5.87639427139284	-1.92592140501446	0.0017799820175174	0.0328425734027254
ENSG00000170312	4.54919480140426	4.55274902716054	4.20767683865528	6.8121046441889e-06	0.000639701686703715
ENSG00000170439	5.01843068089905	5.02008231136553	5.7924206387924	4.53350305934788e-07	9.18031624997066e-05
ENSG00000170689	8.28680655846274	8.63235420840497	1.57245926226408	0.00036629869578144	0.0113336573384478
ENSG00000170891	3.79597440687672	3.7995258469155	3.42415769999686	0.00187690915219115	0.0341094318365822
ENSG00000170961	4.12364255786252	4.12677228389324	3.95232146882995	1.56288938665279e-05	0.00119742134785646
ENSG00000171049	4.6224317712558	4.63741816188444	2.22548566764295	0.000896884874285772	0.0207167400204703
ENSG00000171227	3.90315092136075	3.90804653312557	3.0763912222298	0.000549085215315922	0.0149154857856965
ENSG00000171320	5.04206050142893	5.06143588097778	2.28576898382268	2.10690155420904e-06	0.000263460943571404
ENSG00000171540	5.48090088960767	5.5890320959809	0.307580489964146	1.9826390319395e-05	0.00139501488037399
ENSG00000171657	5.61565672523042	5.66350141776602	1.58137307136872	2.13992882489682e-07	5.41690048366387e-05
ENSG00000171658	4.90742487950744	5.13874454219693	-1.19774233525899	0.00251414029217776	0.0412822733468041
ENSG00000171848	7.34533277580225	7.35856532771846	5.15191705474871	2.37842118454045e-12	1.29685016083883e-08
ENSG00000172061	6.43286017054468	6.47606001818296	2.55317593618002	0.00133199547343389	0.0269910820788023
ENSG00000172322	4.33706926921558	4.37468873934186	0.625472039493751	0.000746325787008058	0.0183460512156157
ENSG00000173077	4.4220974510481	4.47538073984246	0.233399053354521	0.00285745655358241	0.045043668493898
ENSG00000173281	3.38573363627103	3.386680680727	4.89052873497539	0.00310997133357646	0.0475941966801105
ENSG00000173432	10.4854662333805	10.5209281855358	6.88097878286993	1.94295468267173e-05	0.00137511050767154
ENSG00000173535	4.10697095849545	4.11643841210049	2.34697097073241	0.00253970349738411	0.041611136595973
ENSG00000173917	5.12819809250114	5.15441815929595	1.94157585083832	3.23228056830171e-05	0.0019861473208502
ENSG00000174279	4.50574222886005	5.11508497038335	-2.58638861180879	0.00219698272951796	0.0376309305849443
ENSG00000174343	4.3391544553008	4.34324574944693	3.78945037385607	0.00272017760356563	0.0435760441727516
ENSG00000174371	3.44144838690693	3.44681554553823	2.45818259567091	0.00242540639102562	0.0403687985110429
ENSG00000174807	3.5890953478772	3.59000640910356	5.16374774144287	0.00282184181633562	0.0446470582806564
ENSG00000175063	7.01458894915241	7.03431263518925	4.25406384729669	2.23404853221361e-09	1.91995344354627e-06
ENSG00000175183	3.41818871743885	3.41852034079845	6.43753233210274	0.00141172364023912	0.0282040880244461
ENSG00000175857	3.73049408107214	3.74001955501933	1.94384328752583	0.00215821720321069	0.0372857958069904
ENSG00000175877	7.05638650415121	144269482.622054	-1.743157498285	0.000492316696320746	0.0138318639685738
ENSG00000175879	7.7365141546086	7.9114674003558	1.93765817761052	0.000216808580866129	0.00779800043311946
ENSG00000175886	3.28118084849512	3.30255191573659	0.334168316649019	0.000754415321932004	0.0184843242431543
ENSG00000176826	3.90623541488724	3.91280018132119	2.66119839968341	0.0021342830527108	0.0371636271241864
ENSG00000176842	5.10430960464602	5.20599945033864	0.0565900622750088	0.000896216475682257	0.0207167400204703
ENSG00000176887	4.1283651808399	4.12913482751785	5.9744866398128	0.0025719596108175	0.0419582059350586
ENSG00000176890	3.39604193617481	3.39689372617021	5.05441354745529	0.00131697670114862	0.0267766770897396
ENSG00000176933	3.74357761777778	3.80869063036201	-0.708151195904124	0.000155492920259244	0.00611183410022248
ENSG00000177363	3.7150132761148	3.71784478873575	3.66424396649931	0.00195202056810036	0.0350476620270671
ENSG00000177508	5.96844491425564	5.98629982136244	3.33397225813937	0.000778245691374865	0.0189160299381399
ENSG00000177575	5.51003172364562	5.51039022120599	8.49489396498962	0.000233877167059645	0.00815663518759752
ENSG00000177602	4.23573872823736	4.26750305350281	0.776804241360263	0.000181112584551796	0.00689427620752845
ENSG00000178172	5.16313517838721	5.77834958687981	-2.04519470992316	0.00154716849027584	0.0298954078016951
ENSG00000178429	4.4684398992507	4.489818564151	1.55964707603341	5.61187405943708e-05	0.00294445564129935
ENSG00000178458	6.16379156174679	6.40282717462744	-0.0456166325044531	4.32027207258056e-12	1.73775743666099e-08
ENSG00000178464	3.80086310208272	3.80657408855094	2.75369150234372	3.88353919539209e-06	0.000416731182228944
ENSG00000178776	8.9850497045573	9.59734493880728	1.59726442028106	0.00163941438968016	0.0310124517283138
ENSG00000178999	6.5015600430361	6.52910380674201	3.25551861929969	2.00349945678436e-08	8.63436712322031e-06
ENSG00000179101	3.67913970394951	3.77958803988034	-1.31804015949762	0.000383821235090539	0.0115962233279017
ENSG00000179172	6.22002684009391	144269481.777025	-2.41094006014732	7.78011679869013e-06	0.00071123234401359
ENSG00000179593	4.12379753734786	4.13100491296207	2.75376569351501	0.00306596715911387	0.0471299690560854
ENSG00000179750	5.25984560777426	5.29427634757795	1.69127400265123	1.08918149729271e-05	0.000912718967210496
ENSG00000179869	6.52149530819248	6.56310858336593	2.69412125495874	5.52072778731194e-05	0.00290911014015254
ENSG00000179873	4.8504680992618	5.19192945752832	-1.71333257453368	0.0022646943158467	0.0385717237957969
ENSG00000180061	4.42479221394655	4.46190607431386	0.743889974024816	0.000477256980974753	0.0135348060855989
ENSG00000180172	5.34064223871302	5.958309460663	-1.89691432613577	4.11449500095163e-05	0.00236426719888016
ENSG00000180211	3.07633608359611	3.09279994713948	0.484167412742913	0.0019811535854168	0.035312526314955
ENSG00000180574	3.94397330750205	3.97521600189329	0.505120327090662	0.000231955594960513	0.00812484227688974
ENSG00000180581	3.1823753824617	3.20561894747418	0.117544687439806	0.00123546960916489	0.025549977332978
ENSG00000180785	4.01848134656575	4.04753433578608	0.67719604379459	0.00279001546654983	0.0443280008358877
ENSG00000180806	7.08835053382952	7.43370938257278	0.394491581553566	6.74038013661352e-05	0.00328260000182108
ENSG00000180818	9.90065513080548	10.5256663906539	2.47725317974128	1.80938365795608e-07	4.93901832851084e-05
ENSG00000180871	4.90700057159243	4.92534904169104	2.22387517819857	0.00217847899427251	0.0375313350608778
ENSG00000181104	4.50281114495849	4.50384319979567	5.9405154521277	4.35204398949728e-09	2.8387089092575e-06
ENSG00000181458	5.31829550508451	5.32101876627815	5.3771698980317	1.13527290454769e-06	0.000175632540245858
ENSG00000182383	4.48388945306714	4.81813761029033	-1.98423676403645	0.000612338185294551	0.0160632280042377
ENSG00000182718	4.69828639977668	4.69842707713716	9.01519995747024	5.6164183755911e-06	0.00056243419533824
ENSG00000182742	7.9218217783145	8.16388615231032	1.6562476029473	1.86794167829142e-06	0.000241074355421846
ENSG00000183022	3.4553260571078	3.59215933762531	-1.89914102162751	0.00272282566555521	0.0435760441727516
ENSG00000183072	9.88706625451091	10.513759845272	2.45845570028608	4.55088911651791e-09	2.88363059375015e-06
ENSG00000184106	5.34206159053164	5.57548179975171	-0.779801869723891	0.00036931995810118	0.0113979128757211
ENSG00000184500	3.51746281577558	3.51788143947962	6.20796041121574	0.00225684962568486	0.0384652604987842
ENSG00000184661	6.08962022494912	6.12503013189138	2.4969827870909	7.46538982717944e-07	0.000129618502222409
ENSG00000185607	4.05613843238297	4.09273074894615	0.393721078927552	2.48020266837722e-06	0.00030182533605953
ENSG00000185686	8.6019866384174	9.23893426263238	1.0986398329069	6.15217400919645e-05	0.0031258224744831
ENSG00000185834	4.51197949843505	4.53590106438178	1.45684080973377	4.69374789688654e-08	1.7980779641819e-05
ENSG00000185839	3.82055310891431	3.86545842551019	-0.117880358395453	8.97418165924913e-05	0.00406610679254668
ENSG00000186185	4.03575750713303	4.03958800243228	3.57005004536879	0.00187439029617859	0.034089325853786
ENSG00000186743	3.39494055202527	3.56345848852195	-2.19091547067282	0.00289010997969194	0.0454693052476435
ENSG00000186832	4.41228908991417	4.46856297794468	0.145561121532806	0.00226678041975459	0.0385782921666995
ENSG00000186871	3.95212475719072	3.97088059534294	1.21749627012087	0.000870749335920318	0.0202844251670859
ENSG00000187037	4.75635387701581	4.82537435737042	0.209619701389027	0.000734511891474836	0.0181254703362512
ENSG00000187140	5.65002163549764	5.7963486194596	0.0978426160067919	0.000187165449551915	0.00704688137205291
ENSG00000187243	4.84418380922057	4.9126331146901	0.304993701551973	2.50124584453079e-06	0.00030182533605953
ENSG00000187474	4.90780934986418	4.91173750018458	4.43074038417674	1.38472508117335e-05	0.00108151958281675
ENSG00000187498	4.94536592977326	4.94556982053272	8.73338796459181	3.97200014788584e-06	0.000422291857132497
ENSG00000187653	4.48787041933606	4.49048142800616	4.58803395428913	3.65340577715025e-09	2.59327338311012e-06
ENSG00000187840	3.56830363551384	3.56939130251785	4.88684998785538	6.05824632708588e-06	0.00058955530991085
ENSG00000187951	4.03412286846774	4.04018954632629	2.90653096859879	0.00215108907475964	0.037268042878858
ENSG00000188060	4.76946468029879	4.77978952044955	2.9014945067238	7.27616043487948e-09	3.73623097734854e-06
ENSG00000188219	4.9988608322191	5.14456904564982	-0.538603474753839	2.855136896145e-07	6.38017350477439e-05
ENSG00000188257	7.77758522059892	7.78439215360538	6.53819854267111	0.000660417969782468	0.0169198803426009
ENSG00000188375	3.6086856508212	3.63855460701232	0.218199364943883	7.52004037990972e-06	0.000690070929767077
ENSG00000188460	4.19285268649167	4.23618904870054	0.293688077260401	4.89369646749764e-06	0.000500442671807576
ENSG00000188488	5.17753728944931	5.18259660292926	4.34481837550475	0.000154750038342237	0.00610251213292736
ENSG00000188512	3.38373486543775	3.52029372483116	-1.98494834783377	0.00325040259442834	0.0491819537391433
ENSG00000188523	4.28428164401794	4.33100015038029	0.273442222957539	0.00162169694368871	0.0308903188942251
ENSG00000188641	3.6300507935821	3.63058528097417	5.97574499101026	0.0013856372049921	0.0278211050792674
ENSG00000188765	5.01388825991804	5.07617245661233	0.620215425832385	2.18978547942365e-07	5.44827657323817e-05
ENSG00000188856	4.80469547030001	4.90964183950846	-0.296019334542035	2.17012475980797e-05	0.00149213079638762
ENSG00000188873	3.9919977623149	4.05754924731094	-0.464560496912479	0.000371288096781709	0.0114129401720535
ENSG00000189057	6.57829059504875	6.6079713406056	3.22470713259425	5.41039775768743e-07	0.000101781905393732
ENSG00000189320	5.34794160431543	5.3569455537623	3.68913463596727	0.00177905960646687	0.0328425734027254
ENSG00000189343	3.4015503173996	3.40511506603897	3.00247808743341	7.36763641112858e-05	0.00351404223609046
ENSG00000196154	4.57115287217167	4.57255004172333	5.57378428387819	0.000122899584157256	0.00512272636278275
ENSG00000196183	4.7383662937204	4.88284359837686	-0.759987794799512	3.66307522113163e-07	7.8234210076806e-05
ENSG00000196205	3.66576450852739	3.66621160000954	6.27129320133685	1.33909361307925e-05	0.00105959623796901
ENSG00000196604	6.46546009753482	7.09022036447161	-0.893066474247277	2.30541041542519e-08	9.43030084167314e-06
ENSG00000196656	6.39334377452752	6.74028047406579	-0.312382032995794	1.16468071672116e-06	0.000176782417719172
ENSG00000196735	4.0244896102426	4.02499410182203	6.47481949612165	0.000523862564346966	0.014465559642963
ENSG00000196834	6.07366365789761	6.69703102370688	-1.26385242693936	2.61445245417265e-07	6.00925671704787e-05
ENSG00000197520	3.68918394637192	3.70135647449225	1.55299712171437	0.00248849308805321	0.0410336930562678
ENSG00000197576	8.08733966594828	8.43517383434913	1.35556185549277	2.71059502474749e-05	0.00175853495503376
ENSG00000197587	4.9751235890214	5.06383359013034	0.103622949868016	0.00292064941233185	0.0458600864783454
ENSG00000197646	4.70051478152577	4.71097998401354	2.81437410731353	3.20677655006091e-06	0.00035829789471838
ENSG00000197744	3.32038536230016	3.33115942395751	1.34510288966694	0.000131585585728888	0.0054100281532896
ENSG00000197747	3.71331883834805	3.71350130877037	7.61390474505584	0.000266341667778693	0.00895249277182586
ENSG00000197757	5.99150925079659	6.1171077122647	0.613419936619275	8.02174769320871e-06	0.000725081868269284
ENSG00000198353	4.87358182732893	4.89506076829148	1.9693883784713	2.02818723579075e-06	0.000254938910148823
ENSG00000198826	3.38378438179209	3.38566419123078	3.90101652794755	0.00161489077394828	0.0307945770855496
ENSG00000198868	3.37115988293336	3.40148097628411	-0.0385553816746048	0.00110309135676047	0.0237484449634764
ENSG00000198885	3.07516912470834	3.07782688801329	3.06943510676693	0.00127223537815022	0.0261261058719739
ENSG00000202111	6.34285958571271	144269481.901566	-2.32102987461116	0.00146408746382489	0.0286518808474997
ENSG00000203446	4.81353230755846	5.42617483944586	-2.33427816538881	0.00197572176504831	0.035241736199317
ENSG00000203710	5.12857375831137	5.13698722983567	3.5638915445418	0.00297493760322713	0.0462885012698089
ENSG00000203914	3.55983507651894	3.63803507999032	-1.12125035934886	0.00058621299563667	0.0155127899525169
ENSG00000204072	6.37705817766158	144269481.936186	-2.28906376195909	1.26620755500703e-05	0.00101523764559932
ENSG00000204277	5.03156593482396	5.26808223255751	-1.11401352950359	0.000463646164372018	0.0132479535368183
ENSG00000204287	3.83955156240999	3.83959633779327	9.773801996953	0.000604398124802825	0.0158721918868241
ENSG00000204362	6.24768829042914	144269481.805138	-2.39401874313045	4.79400115131826e-05	0.00261307757988071
ENSG00000204397	3.48189801573375	3.48641179992409	2.74889846645447	0.00186533239064941	0.0339757976724022
ENSG00000204434	6.09270156679625	6.43753174772646	-0.56367388043304	6.69406590130494e-10	7.69307554581398e-07
ENSG00000204542	10.3049998335942	144269485.880465	1.35605280514472	0.000472465643902978	0.0134173693374294
ENSG00000204577	3.73151265411691	3.7406707422302	2.00382718600634	0.00315142275141642	0.0480457591172987
ENSG00000205403	3.85839960453311	3.85906973089531	5.89156053728461	0.000140949991564143	0.00572002280183975
ENSG00000205929	4.28664956571798	4.28865452811342	4.76028737520239	0.000298255453422924	0.00971403119150991
ENSG00000211592	6.63915890127973	6.64144145354642	6.96638756953119	0.00309787629282537	0.0474692993339984
ENSG00000211640	7.58936886711393	7.83366780818718	1.29640498348779	0.00143194028771427	0.0284378984356374
ENSG00000211651	7.13186629519326	7.36949588469121	0.90717767914081	0.00196004378382043	0.0350476620270671
ENSG00000211659	7.98419027416102	8.16839506898778	2.08044653220924	0.00331693039471069	0.049782834667878
ENSG00000211666	8.20243937792102	8.29908258186535	3.17844661549267	0.00180981974210222	0.0332056322816164
ENSG00000211673	9.75151647215383	144269485.326445	0.793329192613258	0.00010055334593743	0.00442872179742629
ENSG00000211677	7.05029620301724	7.0756389143614	3.91910045301719	0.00131937411247465	0.0268028407663831
ENSG00000211829	5.30402898543224	5.32294065524115	2.58332067689956	0.00213602173207942	0.0371670861441994
ENSG00000211892	6.59826527638793	6.62812946712364	3.23306487657216	0.0020898034171706	0.0365738329731655
ENSG00000211896	6.95875599585254	6.96144801153655	7.05024293904291	0.000622339001424731	0.0162045562729057
ENSG00000211897	7.6283304462149	7.64224071866439	5.35860533101544	0.00229147876091674	0.0388088059059401
ENSG00000211955	7.49784498822323	7.73897317612733	1.23392605544093	0.00121545075234986	0.025364439196339
ENSG00000211959	8.11904696723755	8.46678188263114	1.37982370473434	0.000369214098522071	0.0113979128757211
ENSG00000211967	7.86383612698756	144269483.434217	-1.01886054926118	0.00106673527067926	0.0232517741370605
ENSG00000212664	3.54327507444641	3.5678814605723	0.417352590532913	0.000195307244415453	0.00721829255240816
ENSG00000212695	4.55277768168937	4.78497612713578	-1.52078468617591	6.45685308747366e-05	0.00323298117039604
ENSG00000212802	3.11645950340148	3.11955031659683	2.89885538565658	0.00100214242006856	0.022373455287636
ENSG00000213051	3.76916508745005	3.94143094406307	-1.88580108467993	0.00109174067305266	0.0235538137686606
ENSG00000213087	3.81620782728694	3.86795731731755	-0.333033731664823	0.000309540285414775	0.00997430386831237
ENSG00000213169	3.55045027991101	3.60975079303164	-0.781175041160457	0.000633435793762305	0.0163851441014571
ENSG00000213235	3.52198525845175	3.54505278432955	0.483176137925169	0.000117480744423534	0.00497417594020627
ENSG00000213269	3.63176534008964	3.85564877298136	-2.30489854813844	0.00280292733192435	0.0444339985262094
ENSG00000213275	3.8400618826815	4.01170394877368	-1.79891765640803	0.00260275166066683	0.0423046281983157
ENSG00000213280	4.55021773868137	4.60403390462348	0.337966699230199	1.12326679430155e-05	0.000938024941649607
ENSG00000213309	4.2162794920433	4.35939452751831	-1.27698847311379	0.000539622491784798	0.0147655886811047
ENSG00000213315	5.11563519443261	5.18411142554351	0.581410885392576	1.03586039871303e-07	3.33326064833871e-05
ENSG00000213362	3.41002027388697	3.42820427530079	0.698784850074181	0.000384875067773649	0.0115962233279017
ENSG00000213363	3.71244560044618	3.8513735180603	-1.685670001216	0.00144879896143663	0.0285198320842673
ENSG00000213394	3.79007789451761	3.96195902777451	-1.85681409519745	0.00199943512406519	0.035481152414845
ENSG00000213399	4.17126025546822	4.22409160293601	-0.0116561172536506	2.3629534810768e-05	0.00158851028725091
ENSG00000213430	3.25084548876753	3.27804965783536	-0.0439868244842706	0.000372171372976136	0.0114129401720535
ENSG00000213432	4.98353493172668	5.32286140397428	-1.57005180999915	1.72662143290422e-05	0.00129010159943376
ENSG00000213442	3.7196733086178	3.72194834399131	3.98477707386251	3.32384337264428e-06	0.000367970807134849
ENSG00000213493	3.78161821235779	3.89929560806091	-1.43516576087794	0.000746256756323917	0.0183460512156157
ENSG00000213526	4.64668408122755	5.25696505874518	-2.47387000690332	0.000190631429669321	0.00706249387135303
ENSG00000213539	5.07297270199333	5.41328421306345	-1.50769946938069	1.44434367955149e-06	0.000204963806034128
ENSG00000213553	5.76049922994214	5.76719900245496	4.53197911149623	1.59812474059512e-18	3.85691424895227e-14
ENSG00000213569	3.30100844928745	3.39909520424839	-1.65408694153343	0.00186105985960682	0.0339235790421079
ENSG00000213598	3.70566665645915	3.72755721107878	0.747267951975088	7.05533137792617e-05	0.00339189975049542
ENSG00000213621	4.18582186163324	4.22244080238456	0.526421979642308	1.30838919665827e-05	0.00104213415419639
ENSG00000213661	4.34029718309093	4.94477176819816	-2.69614917392269	0.00202181514729758	0.0357730841384749
ENSG00000213704	4.45231855491058	5.05901658350355	-2.61002260200412	0.00112801786475489	0.0240916665026501
ENSG00000213719	3.52653140148444	3.52667652623425	7.74546827820363	0.000528929808140976	0.0145224027186284
ENSG00000213740	3.52751163501512	3.58189887528629	-0.67388226237994	0.000231678481898907	0.00812484227688974
ENSG00000213750	6.22440477804222	144269481.781596	-2.41199698597195	5.70818962880961e-06	0.000564596100416767
ENSG00000213763	4.83806489583088	4.85853271744558	1.99804359927912	7.20355013277603e-10	7.9022944956553e-07
ENSG00000213772	4.39751214347557	4.62878522537309	-1.65446640043978	4.79652510104896e-05	0.00261307757988071
ENSG00000213791	5.01383690640271	5.62827575133225	-2.16896159152835	0.000145928540255149	0.00584901463042178
ENSG00000213820	3.78886854804	4.11587270872122	-2.57322798481836	0.00322868350358484	0.0489453817057264
ENSG00000213851	4.96984738140199	5.58395387454056	-2.20041285640315	7.29316543535905e-05	0.00349232648049515
ENSG00000213857	3.9961673965246	4.06203899192947	-0.470745852318686	6.92500844350512e-05	0.00335598702360547
ENSG00000213862	3.53960249728463	3.56129124993599	0.586494443367569	0.00020779781461095	0.00761000372962164
ENSG00000213866	2.78397642152181	2.78859522591762	1.9579304695491	0.00288855060787165	0.0454693052476435
ENSG00000213867	7.03532764617649	144269482.600734	-1.73767207234344	8.57006752204159e-07	0.000139750006470913
ENSG00000213885	3.92587210861242	3.95317012168675	0.656722819646611	3.24300528257294e-05	0.0019861473208502
ENSG00000213886	6.15905201322891	6.23547067291646	1.46799459221027	1.77112530143086e-05	0.00130911676018228
ENSG00000214016	3.52355696646567	3.56136685075024	-0.207610687358529	0.000819599568970958	0.0196037819599059
ENSG00000214019	4.19764478884513	4.37336627236837	-1.52189571023449	4.4832313841906e-05	0.00248666568922598
ENSG00000214027	4.79486812833378	5.40684168771711	-2.34389039992134	0.000148167682962666	0.00589907887079135
ENSG00000214047	6.47303204324717	144269482.033147	-2.21000319105524	6.43409704440107e-06	0.000621121992278301
ENSG00000214199	4.00450010026437	4.01135972165248	2.70002611745493	4.81947672562865e-07	9.45636189400991e-05
ENSG00000214203	3.58134273406247	3.65141751760715	-0.938935683661825	0.000898156194424477	0.0207167400204703
ENSG00000214222	4.10808461650285	4.21098459719499	-0.952779872153311	8.12391974221399e-05	0.00377770094525226
ENSG00000214274	3.79444617302888	3.80183036542697	2.37520541389048	0.000404166918107357	0.0119536328451017
ENSG00000214285	6.89479085025485	144269482.459196	-1.87190545009797	0.0018967972720975	0.0343413879112499
ENSG00000214389	4.75467273967027	4.76461598095157	2.94243920197595	1.55901903761109e-06	0.000215002088306892
ENSG00000214391	3.06835761307035	3.07160992248932	2.77085252235646	0.00280589267232714	0.0444339985262094
ENSG00000214460	4.75179322729405	4.85701194224581	-0.358593025157113	9.94274778479927e-06	0.000847912470837914
ENSG00000214485	3.18054624711563	3.18712375495452	1.88761018062676	0.000439812203139277	0.0127803747079559
ENSG00000214535	3.83623269350233	3.85648083142893	0.988716742000329	0.000118747355039573	0.0049840846374349
ENSG00000214541	4.6518043216486	4.7961545761683	-0.852512853672734	3.54328088285828e-06	0.000390472789163935
ENSG00000214612	5.12281574723523	5.24530359787069	-0.182063815083375	7.57487699940867e-08	2.6335481028841e-05
ENSG00000214629	4.27419133775964	4.87802995451522	-2.74753888082939	0.00134951156999978	0.027279302605795
ENSG00000214784	3.63064816137326	3.65396834737875	0.575255752933142	0.000869884274772201	0.0202844251670859
ENSG00000214787	4.93354629802515	5.03829235942814	-0.157631162774985	0.000576472011622813	0.0154237141249987
ENSG00000214881	3.58057120751421	3.69629088764499	-1.58503538452562	0.00171984552172274	0.0321214709676497
ENSG00000215016	4.06277073983643	4.39314490448923	-2.34458770793903	0.00171447931532485	0.0321002667153219
ENSG00000215030	3.75615549791382	3.7578360218959	4.45787062861579	0.00054224081189687	0.0148204300728415
ENSG00000215057	3.59877908654823	3.69857584072474	-1.37877519837418	0.000717144866231104	0.017898215306744
ENSG00000215086	3.50144270753622	3.61665372845014	-1.65602409786064	0.00279881240775753	0.0444339985262094
ENSG00000215093	4.02518337528498	4.06827092970252	0.130048333893813	7.95691999451979e-06	0.000724650215651852
ENSG00000215349	4.29203898394788	4.52273580580898	-1.75971010627503	0.000158720080573472	0.00621842601389637
ENSG00000215467	3.9668750677652	4.29603885016015	-2.4270500862184	0.00321205605998617	0.0487545666362932
ENSG00000215492	3.5164025174218	3.5868228355118	-1.02977591986681	0.000370885627877907	0.0114129401720535
ENSG00000215895	3.9127944993849	3.95313392973802	0.112487842013918	8.98000712864581e-05	0.00406610679254668
ENSG00000215899	4.49222259705727	4.72423390457122	-1.57616750562189	3.69010092123692e-05	0.0021820635863498
ENSG00000216624	3.51649582464198	3.5335119380868	0.903188196611987	0.000130661768387995	0.00539964232581484
ENSG00000216657	4.1325633488077	4.46425526282506	-2.29892491598299	0.00106225882706457	0.0232517741370605
ENSG00000216854	4.39205256656218	4.99786546202189	-2.64779639438863	0.00061944158839167	0.0161792243444205
ENSG00000216866	4.4141827696675	4.45558881871005	0.575687332220644	1.27747236693341e-07	3.75981928092328e-05
ENSG00000217026	4.16285828601559	4.28182389639906	-1.06444488662114	7.63115088855048e-05	0.00360180327392784
ENSG00000217027	4.66237506462172	4.69987585104512	0.966884735635563	2.71609697437659e-06	0.000316668040481182
ENSG00000217094	3.40136050454966	3.41713187695885	0.888503198241967	0.000279939875752936	0.00930208485984121
ENSG00000217239	6.4482343203116	144269482.008054	-2.22650884484873	3.24943477937466e-06	0.000361391055140221
ENSG00000217241	4.51507961926127	4.63547800511568	-0.744308894848319	2.33838220977115e-05	0.00157638313549209
ENSG00000217716	4.41639119753652	4.45579463886649	0.644000682725723	9.18514519642696e-06	0.000794531520324617
ENSG00000218175	4.54770206922884	4.5563200210737	2.93696118078601	7.99778011627717e-09	3.93915153727006e-06
ENSG00000218265	3.60074567854111	3.71686639436231	-1.57793503046127	0.000378529229795752	0.0115200812508079
ENSG00000218358	5.96220501916956	144269481.515391	-2.61745980582168	0.000167330011739167	0.00651367737290364
ENSG00000218426	3.27714137741061	3.2796987418069	3.34445405308301	0.0010998161742306	0.0236990745972154
ENSG00000218582	3.30140832198205	3.31263392570277	1.25966655210926	0.000598379652221255	0.0157484127881219
ENSG00000219023	4.68895884452767	4.76308297285769	0.0549132688489621	5.89807343808187e-06	0.000578090071913799
ENSG00000219133	3.19537946497333	3.28083474867289	-1.58576425736279	0.00330382879012211	0.0496479477090953
ENSG00000219146	4.9638644686901	5.57785883544897	-2.21601265774684	0.000225023244318135	0.00800615475285888
ENSG00000219451	3.66683649853947	3.71461754832194	-0.367382056246347	8.21974856244968e-05	0.00381491176550309
ENSG00000219470	3.16507506654528	3.20788005065164	-0.706937286147779	0.00284230599980545	0.0448341261433365
ENSG00000219487	3.84915266991547	4.17651287233792	-2.50977429776213	0.00302897432079643	0.0468597860628852
ENSG00000219507	3.14210105312635	3.14574666886386	2.68948697538228	0.00182665803537793	0.0334651013188761
ENSG00000219747	2.96464059227264	2.98218169382712	0.276742388291724	0.00181051674996092	0.0332056322816164
ENSG00000219773	4.1838918382755	4.41354103099823	-1.84868400615792	0.000374601945656581	0.0114583565988288
ENSG00000219928	3.54305971931143	3.56796373883593	0.39037797747753	0.000715157824318169	0.017898215306744
ENSG00000219951	3.11414056802309	3.14061078357548	-0.126212145153738	0.00306565115008708	0.0471299690560854
ENSG00000220105	5.03100708388486	5.64573477527048	-2.16573658500601	0.000256426596964467	0.00872863115816705
ENSG00000220267	4.58758866531068	4.73147992908937	-0.901092397306418	1.66174581650403e-06	0.000226579511500046
ENSG00000220472	5.43982451108784	5.49794697698909	1.1390134915185	6.72285010553636e-09	3.60553920993366e-06
ENSG00000220744	3.69011439115674	3.86226655305243	-1.97999593214466	0.0017065637095343	0.0320017160574209
ENSG00000222038	5.49106127903174	5.83384542721413	-1.13562184247571	2.45499938239743e-07	5.85902448849952e-05
ENSG00000222047	4.16274193124921	4.21072660685618	0.135368823326205	0.0014226445717707	0.028351861350218
ENSG00000223361	4.39024317112479	4.40918498908913	1.65798133158514	1.55620015747488e-06	0.000215002088306892
ENSG00000223460	3.34800891299095	3.38320786399638	-0.280178404498685	0.00231939264479619	0.0391716039814635
ENSG00000223529	3.22401722164927	3.23880526475399	0.796192681736597	0.000544729448330379	0.0148716069072459
ENSG00000223551	5.46491352519076	5.47363620912562	3.85128444393893	2.93259268250191e-05	0.00184962874472642
ENSG00000223668	4.16335111067987	4.20405473720031	0.358595561317979	2.2599748030826e-06	0.000278276693355079
ENSG00000223722	5.49346121784226	5.67379284349556	-0.316903574305918	2.43416521849255e-06	0.00029820377351827
ENSG00000223803	3.73326438484204	3.75758442291779	0.619723597459658	2.09764595652592e-05	0.00145889910970728
ENSG00000223822	4.87201271088315	5.05155858302171	-0.928864372204496	1.96687037344521e-06	0.000248525914098045
ENSG00000224114	4.8278480775021	4.83991921237453	2.74052847327149	0.00158097109666235	0.0303743701985488
ENSG00000224126	3.62981811711211	3.71839740268824	-1.22895819315512	0.00101190784547198	0.0224667745562288
ENSG00000224238	4.55572541989868	4.6475970839527	-0.367639028207271	8.79837526112316e-06	0.000774963461868417
ENSG00000224397	4.15458375964531	4.1666579587427	2.05302027281961	0.000690680846449129	0.0174726326501083
ENSG00000224415	4.71417694318477	4.796581896309	-0.0684537073329212	5.44040183798437e-07	0.000101781905393732
ENSG00000224594	5.50984225894887	5.75286610743111	-0.723010112905302	0.00293294643578949	0.0459336335375363
ENSG00000224628	4.32513529244693	4.55601959634565	-1.72895493214027	0.000299841231714787	0.00975251790593621
ENSG00000224631	3.08501512954132	3.08775604741453	3.03622291000081	0.00105802815274263	0.0232131376711733
ENSG00000224646	3.29873586183036	3.39682218291867	-1.65570273400437	0.00262689681023788	0.0425413349461822
ENSG00000224834	4.40584425568274	5.01162371815721	-2.63927333010502	0.00096408399314943	0.0217044804950264
ENSG00000224861	4.693010374886	4.71057611032032	2.06746839494154	1.17522023018069e-11	4.05182357645441e-08
ENSG00000224993	3.51615357367466	3.61569280648732	-1.46616346273443	0.000934739373877407	0.0213338407353888
ENSG00000225071	4.32512758330947	4.55548070599089	-1.72150657315456	0.000340969751527378	0.0106869662121581
ENSG00000225093	3.37329262707264	3.38965273904737	0.80920626741472	0.00110678286466791	0.023764321757914
ENSG00000225131	3.29748597624712	3.31849321887965	0.366891177212209	0.00105584981089319	0.02318642341774
ENSG00000225137	2.88445440516138	2.89508479549351	0.887610734187015	0.00174054996418355	0.0323375156548159
ENSG00000225156	4.24926098458684	4.85256280297512	-2.76736028035764	0.00292888193377165	0.0459295884273197
ENSG00000225159	3.14386004585783	3.18219753689761	-0.597493623255178	0.0017657424982342	0.0326797771874112
ENSG00000225178	4.22511575269473	4.40094271805745	-1.50149628647083	0.000323460487943337	0.0102580754481268
ENSG00000225338	3.35210053211506	3.43826830236175	-1.43132069413852	0.00283229781840976	0.0447333200349059
ENSG00000225405	4.77340998396331	5.3851858899956	-2.37360797640726	0.000956281832778837	0.0216354269150036
ENSG00000225511	5.71537183605172	5.76794610471334	1.54250224045993	0.00159587807303753	0.0305673979481648
ENSG00000225536	3.57009306988659	3.70815227328402	-1.81851817882013	0.000552385755521539	0.0149773102945978
ENSG00000225573	3.92297780352349	3.94460027694573	0.983501626355919	0.000186798182419548	0.00704404271017713
ENSG00000225616	3.88907606428611	3.97787878521201	-0.957628756128496	0.000628822759106125	0.0162832708886987
ENSG00000225770	4.29742802076534	4.4735935454248	-1.427009157892	6.51272338025673e-05	0.00324604627311904
ENSG00000225912	4.32633352332937	4.502941097687	-1.41169987621683	2.30515542954059e-05	0.00156323527065807
ENSG00000226221	3.23742730892501	3.24566821057607	1.62682838519563	0.00028630893515133	0.0094525032023833
ENSG00000226243	4.75739723362923	4.81467410713609	0.48393783799964	1.26617777891458e-08	5.65887676228233e-06
ENSG00000226327	3.83258133483888	4.00563063428598	-1.84162530308802	0.000435791165310623	0.0127175138858604
ENSG00000226360	3.47274537800716	3.48148960547697	1.79554846768136	0.000292162128564248	0.00959325280376811
ENSG00000226396	3.78810106979464	3.81141513077271	0.74457741783777	0.000225581554319385	0.00800615475285888
ENSG00000226453	3.87671478294113	3.96457297661824	-0.947634921677109	0.00263422169648232	0.0426101249483272
ENSG00000226525	4.10290702372333	4.12964857839845	0.862749743432124	6.64533682028783e-05	0.00325972680530135
ENSG00000226532	4.18434747231093	4.51613778118699	-2.24409375546598	0.00115874391429315	0.0245093125570121
ENSG00000226608	5.5084420678664	5.51335259193318	4.72253397916274	1.27993681168967e-10	3.17301505164982e-07
ENSG00000226624	3.60154484905713	3.69013787451429	-1.25961201164956	0.00248915748049955	0.0410336930562678
ENSG00000226666	3.43732418056129	3.4914265184355	-0.761587976537853	0.000861098622864431	0.0202630709316002
ENSG00000226701	4.05189313514285	4.22606374154256	-1.6337077921108	0.000585645677991811	0.0155127899525169
ENSG00000226855	4.46423921551639	4.56845671855067	-0.624177242141046	4.81505103439089e-06	0.00049449549644251
ENSG00000226945	4.7294806997725	4.87433829854024	-0.790660591285767	7.68261563165151e-07	0.000130572003981886
ENSG00000226972	3.96934435606522	4.19702334062835	-2.02091139333389	0.000360520692002506	0.011216917204258
ENSG00000227105	4.05861131990783	4.28741832224271	-1.9677349032518	0.000148369142063908	0.00589907887079135
ENSG00000227145	6.98065296382118	144269482.545833	-1.77091062956478	0.000146140541234123	0.00584901463042178
ENSG00000227337	3.29494454066522	3.40858304662759	-1.82370845717819	0.00206721500777359	0.0363101652093215
ENSG00000227347	3.37707953634279	3.40650172786238	-0.00276229818974766	0.000169897806934691	0.00658156287730632
ENSG00000227694	3.25096437010176	3.3138324208776	-1.13547300339377	0.000799380034038014	0.0192922377414734
ENSG00000227850	6.56837226768168	144269482.129766	-2.1367090303026	4.77079714402057e-07	9.43757526834365e-05
ENSG00000227854	6.29957714766329	144269481.857562	-2.34509053596726	4.96632516133394e-06	0.000503602064889216
ENSG00000227939	3.12807595754584	3.14118658327322	0.85867755173204	0.000480403959969084	0.0135936550915642
ENSG00000228118	4.97871791101015	5.15798831718789	-0.810335097823876	9.94278732274508e-06	0.000847912470837914
ENSG00000228205	4.3296682166961	4.34872655822746	1.58329387629108	1.08824288582045e-06	0.000169442927783166
ENSG00000228285	4.9362433796804	5.55007579824412	-2.23132606202356	5.39479739941607e-05	0.00286149539423093
ENSG00000228305	3.26984795514943	3.30050897190282	-0.178796574826686	0.00102475691744727	0.022647878613253
ENSG00000228328	3.93960517616527	3.96869154868277	0.590919243680233	0.000156561833075914	0.00614384273081969
ENSG00000228347	4.42242285772328	4.6541468075432	-1.65282454170053	0.000212583207339502	0.00772266732895158
ENSG00000228399	3.90554184707679	4.07911965491127	-1.77981962384669	0.0010629772922424	0.0232517741370605
ENSG00000228462	4.87675629002651	5.48966860769638	-2.27023161778262	5.80756479500293e-05	0.00300127984502357
ENSG00000228499	3.15517219524119	3.19363921299548	-0.596848710628814	0.00257196140498756	0.0419582059350586
ENSG00000228501	3.82636615057268	3.90575179070875	-0.878481959809903	9.27543805610657e-05	0.0041685925893124
ENSG00000228502	4.48842318136484	4.49531244773936	3.19521021658986	1.91694160371311e-07	5.0286378982622e-05
ENSG00000228630	7.61365054839412	8.23997410231128	0.202906353420238	5.95655179286302e-05	0.00305697653447527
ENSG00000228818	2.96543575802371	2.98819539771009	-0.0809474768459149	0.00196086552946499	0.0350476620270671
ENSG00000228834	3.63662651462016	3.73616081485313	-1.34521316501918	0.00327754553489909	0.0494022899070944
ENSG00000228844	6.27370420959313	144269481.831271	-2.3684006340419	1.14546563474693e-05	0.000953264400999394
ENSG00000228847	4.78400027704483	5.12212931842744	-1.74933559134962	1.1961178868413e-05	0.000981874458538365
ENSG00000228929	4.12830315288579	4.14988613794249	1.2051379723285	2.8065464558038e-06	0.000322539010306518
ENSG00000228938	6.34578083146136	144269481.90444	-2.31300816981976	8.56394201902839e-06	0.000762936533757815
ENSG00000228981	4.59187105523114	4.68387601879725	-0.33555566349319	2.58429852873662e-06	0.000310269007797191
ENSG00000229119	4.86309095863088	4.88287311770757	2.07623248944331	6.58697651945142e-08	2.37268793015583e-05
ENSG00000229132	3.92647825681545	3.94064828582834	1.58382632851146	1.86231320085558e-07	4.93901832851084e-05
ENSG00000229161	3.30035787433558	3.39848561557889	-1.6591356817131	0.0027220260535036	0.0435760441727516
ENSG00000229314	9.11138135703958	144269484.685377	0.193500175000259	0.00309185587786184	0.0474372852869153
ENSG00000229349	4.44035662288073	4.53206875754899	-0.485185045634839	2.99910898286108e-06	0.000338226617721352
ENSG00000229400	5.35273794111446	5.47463138117419	0.0251230372905276	0.00219429024496856	0.0376287034437058
ENSG00000229567	3.92519090174093	4.25402077705984	-2.45102312693669	0.000891459574605916	0.0206870051668646
ENSG00000229638	3.57590272549734	3.57961457977855	3.13033741389287	2.78327871020052e-06	0.000321395446851575
ENSG00000229752	4.35181781712624	4.95701136095034	-2.68412397620834	0.00108648153776383	0.0235167223608898
ENSG00000229950	4.54531901709631	4.63610471878711	-0.346012762198182	0.000493007484754222	0.0138351658570446
ENSG00000229965	6.52426559107733	144269482.084899	-2.17080453554083	8.65638628157165e-06	0.00076524991399066
ENSG00000229994	4.7395653491054	4.79653633038627	0.478822560330264	3.02253724477899e-07	6.57170395184649e-05
ENSG00000230037	3.38205819054046	3.40177967104187	0.552204390350428	0.00195764772488759	0.0350476620270671
ENSG00000230067	3.44356296639542	3.55904593152148	-1.73483162626999	0.00327929346279793	0.0494022899070944
ENSG00000230148	4.40303319612469	4.48480729208715	-0.365003946488915	0.000318118018877855	0.0101553707243362
ENSG00000230191	4.1255445188859	4.30086762018199	-1.59076935807843	0.000240004482713595	0.008298378489699
ENSG00000230204	3.2900559612029	3.30719341403662	0.65534481222611	0.000859331069952208	0.0202543370913937
ENSG00000230207	3.20639093527951	3.21788714973731	1.12547108539272	0.000440063453315296	0.0127803747079559
ENSG00000230291	3.19666351217656	3.23534460262025	-0.565040126091343	0.0019604065180444	0.0350476620270671
ENSG00000230330	3.61730230076194	3.64619553337578	0.263716369533375	0.000532817739647505	0.0146125265098328
ENSG00000230383	3.64641305967103	3.68239754991072	-0.00717214913961583	2.61026949852132e-05	0.00170721528664806
ENSG00000230457	3.27833723637326	3.33203541345375	-0.921612455594368	0.00173802246491865	0.032315930839282
ENSG00000230568	4.38271331342673	4.98859600042865	-2.66367174481557	0.000804801948427157	0.0193843215801807
ENSG00000230580	3.3045905008787	3.39054259257274	-1.47213162693058	0.00228057974907791	0.0386854406709764
ENSG00000230592	3.52025030349285	3.60819346575029	-1.32484053840929	0.00252427200336005	0.041414534690069
ENSG00000230629	4.44098759332015	4.45454932174067	2.18233436564996	5.69734747376997e-09	3.32288913487367e-06
ENSG00000230721	3.94081777666802	4.0815357213352	-1.49191453575422	0.000155175749689316	0.00610931736215653
ENSG00000230777	4.01293084591585	4.08556471329448	-0.593630423261043	8.52147246699534e-05	0.00393226035408156
ENSG00000230798	6.75029605136381	6.87449079756507	1.40071118142463	1.33351396550403e-06	0.000192712730799247
ENSG00000230897	5.79238881974668	5.83254295818115	2.01017700689493	2.30706264451984e-09	1.91995344354627e-06
ENSG00000230979	4.19940479841443	4.22780413415752	0.889985828564133	1.84153052534978e-06	0.000240235122696171
ENSG00000231066	3.73807247311058	3.9634933024604	-2.22772523814865	0.00207058436592537	0.0363164848017754
ENSG00000231072	3.98457386107701	4.15879452824456	-1.71314357294717	0.000769027201840908	0.0187471742315439
ENSG00000231120	4.08428379282648	4.25941723049639	-1.63368217229758	0.000133502807184491	0.0054609436416788
ENSG00000231169	3.7634476069066	3.93580003041398	-1.89393587799497	0.000628389158886723	0.0162832708886987
ENSG00000231313	6.01134792017983	6.63458468823123	-1.32277535768012	1.93260269207721e-06	0.00024548122826627
ENSG00000231369	4.33533207611221	4.43931156049815	-0.753249071867893	1.2147444757592e-05	0.000989286861102228
ENSG00000231389	3.38249323991709	3.38257605064635	8.40005422518391	0.00310986742941773	0.0475941966801105
ENSG00000231414	4.81439085586714	5.047980471815	-1.2923359162217	5.6122051669748e-05	0.00294445564129935
ENSG00000231416	3.34751549501239	3.46161187040226	-1.7891475572181	0.00322682715351001	0.0489453817057264
ENSG00000231684	4.17388772870933	4.27694118622847	-0.885460772171184	6.55588078332621e-06	0.000627855662003153
ENSG00000231707	3.93278710451559	4.26188764973464	-2.45590597850101	0.0012900549761238	0.0263549995279189
ENSG00000231767	4.09720462446184	4.1129091013542	1.61847833689783	1.28881676358862e-06	0.000189660388856389
ENSG00000231817	6.66364264566368	6.81545595063578	1.01310991487951	0.000949434566538984	0.0215353889368908
ENSG00000231848	4.61003679793999	4.94658002813925	-1.8852223296382	2.51134543488026e-05	0.00165597843512023
ENSG00000231940	4.09202395230575	4.2668616188796	-1.61050969740593	0.000260683620185661	0.00884857734115436
ENSG00000231991	5.44936880829725	5.46125014225097	3.39805583520531	8.26616654495276e-07	0.000136640865339651
ENSG00000232134	3.29532683985669	3.35312046591681	-0.986107311534042	0.00325578060508652	0.0492324618566153
ENSG00000232172	3.67168094079419	3.99632761090374	-2.63427674934017	0.00302755948091984	0.0468597860628852
ENSG00000232341	3.54647192770291	3.64618650050491	-1.43882388111612	0.00072364331070706	0.0179306033476429
ENSG00000232346	4.17231101741936	4.19858714030321	0.971849409369722	9.05234423505195e-06	0.000788697746457559
ENSG00000232362	4.46725207141919	5.07432496417515	-2.59607257952851	0.000577537152013549	0.0154237141249987
ENSG00000232368	5.28394663847926	5.30995109424763	2.11747974962769	1.0855056952522e-08	4.94294234890878e-06
ENSG00000232385	5.10145579104147	5.28172735874359	-0.713009632826829	7.02148073923349e-06	0.000654271877068189
ENSG00000232389	5.02165521149534	5.36146997728646	-1.53715076262528	1.30510258170121e-06	0.000190893004283497
ENSG00000232472	3.46820499150228	3.4752461254889	2.09908015070389	0.000132272260352839	0.00542901144788337
ENSG00000232496	3.78943057224688	4.11629998904381	-2.56385497395724	0.00238927303045364	0.0399326283358505
ENSG00000232587	4.34502759567092	4.42614181087619	-0.397468405370568	1.85587901917058e-06	0.000240805291659477
ENSG00000232699	3.94480732086771	4.11840501521595	-1.73589897834434	0.00092212507081166	0.0211143894297615
ENSG00000232702	3.55647805410597	3.64410097363259	-1.26698702368179	0.00101314938941741	0.0224736648568012
ENSG00000232774	5.7837582565185	5.83168881735329	1.74862289995883	0.00241972011332269	0.0403019497687576
ENSG00000232801	4.5014190251414	4.73374916230004	-1.58541320575247	1.3524675359106e-05	0.00106668142194988
ENSG00000232858	6.06951392016911	6.69276988012282	-1.26529276314991	3.74728890551824e-07	7.93307635489273e-05
ENSG00000232883	5.25921485700605	5.60079701456801	-1.34352575419729	3.79066628245593e-06	0.000411489944957012
ENSG00000232888	4.3640978782464	4.3785004480521	2.01321736796506	7.08355789005404e-06	0.000657517638917555
ENSG00000233038	3.841796630598	3.85238261803232	1.91260326038056	0.00195607916843714	0.0350476620270671
ENSG00000233057	4.98429662385243	5.04178289067901	0.706242626033769	7.7680814738392e-09	3.90572663103407e-06
ENSG00000233111	3.03831488541338	3.08708773821773	-1.02940664422816	0.0022254369650948	0.0379835188936336
ENSG00000233125	5.61632326100711	5.96064090957677	-1.0285142284402	2.59636942437215e-05	0.00170273857847276
ENSG00000233270	4.48410810111282	4.55813046660455	-0.156602948404058	1.90093238333066e-06	0.000242735990155037
ENSG00000233287	4.80330718984369	5.14146107081305	-1.73697584996107	9.94699261324065e-05	0.00439671647853388
ENSG00000233328	4.47099585816139	4.51716232299893	0.49578277589931	6.78594622718308e-07	0.000120420607534439
ENSG00000233380	4.32751076228915	4.50390209660572	-1.39592108530507	2.10365828365846e-05	0.00145889910970728
ENSG00000233406	3.94044564316415	4.04241194682176	-1.09593243276288	9.34608901011952e-05	0.00419253740093354
ENSG00000233429	4.81028980448051	4.83499982743204	1.69934113549716	3.0785018690205e-05	0.00192478145354769
ENSG00000233476	3.85990854465391	3.86192520341327	4.30641050140009	1.82170013243625e-06	0.000239146174367209
ENSG00000233503	5.19786330298026	5.81452219541521	-2.01713412568529	6.72278683240546e-06	0.000637040243156593
ENSG00000233514	4.34078843872585	4.57186013255805	-1.71606220275197	3.67317629533873e-05	0.00217809426810086
ENSG00000233594	3.85845648053208	4.08504618518303	-2.11532378381213	0.000848241072248835	0.0200623153216403
ENSG00000233597	3.67705567691344	3.74816104402612	-0.882442362237196	0.000103669995029861	0.00450805704513632
ENSG00000233668	3.96164100414063	4.13542911490166	-1.72627534686589	0.00100957383601162	0.0224355938842582
ENSG00000233834	5.01258092790818	5.35372914761608	-1.59118458190279	0.000373947064788057	0.0114528406873033
ENSG00000233846	5.67401625931975	5.91189238561286	-0.51573300176119	1.49621764243464e-07	4.29877578363306e-05
ENSG00000233859	3.52330421418828	3.57801261555929	-0.703219525934471	0.00028381107067658	0.00940864887322606
ENSG00000233873	3.96158245572097	4.29100203811597	-2.43316873048753	0.00136393568848823	0.0274997693450084
ENSG00000233876	3.50359791387159	3.6190018777461	-1.65813530551407	0.00110414112872326	0.0237498591805767
ENSG00000233952	4.59167871535498	5.20050907831175	-2.50354094955395	0.000681721524409865	0.0173185971264291
ENSG00000233971	5.49553015465609	6.11475737419806	-1.76539151455253	5.70734939532257e-06	0.000564596100416767
ENSG00000234009	4.72728597568653	4.7494153678455	1.77826031982776	6.0903307588727e-09	3.41823354731706e-06
ENSG00000234093	4.27651721138029	4.36738018622827	-0.62210472124397	4.35074995666511e-05	0.00244188370823618
ENSG00000234118	3.76971635648075	3.81759021129784	-0.260093616901871	0.00010092730655526	0.00443588927185616
ENSG00000234147	5.5262128620488	5.63168352478894	0.402832339006589	0.000334115971691182	0.0105441252414823
ENSG00000234241	3.92617369216627	4.06669409493713	-1.49886263304527	0.000309553061960967	0.00997430386831237
ENSG00000234268	4.00978123765582	4.11214708054803	-1.03563962955932	0.000126769050333234	0.00526582488940148
ENSG00000234287	4.93808315228819	4.98472067599022	0.955599015178491	4.65988204012e-09	2.88363059375015e-06
ENSG00000234335	3.76973346735158	3.82889558881025	-0.530230416884941	0.000247208281572188	0.0084506015119875
ENSG00000234337	3.31671898991558	3.38000306459613	-1.08921715055855	0.000961398632655254	0.021670689263531
ENSG00000234354	4.02889261668432	4.20145117737987	-1.64090857648277	0.00255715660177607	0.0418402830015347
ENSG00000234380	4.57742606403855	4.59865304735036	1.68359146962646	7.34995694054322e-05	0.0035125516990707
ENSG00000234546	4.14986003117862	4.19360238476174	0.229095790321182	0.000560730937785611	0.0151203133547686
ENSG00000234589	4.62814634853672	4.71058647412698	-0.158274179249161	3.48192541878585e-05	0.00209892367851703
ENSG00000234648	4.01918030646341	4.03961287667417	1.16519166204427	6.90079886268245e-07	0.000120683970834767
ENSG00000234664	4.72484249078904	4.73811493303524	2.49998670192118	2.44125392416476e-09	1.96390740685974e-06
ENSG00000234743	3.03431248266897	3.07237767324417	-0.706088732395592	0.00299530090405352	0.046428125894944
ENSG00000234782	5.12793548473942	5.15699700221857	1.79972054299447	2.11736652132395e-08	8.81043510786762e-06
ENSG00000234785	3.90641800833155	3.97188241786212	-0.538716876898276	5.65026715446381e-06	0.000563485733495164
ENSG00000234797	4.52671276156098	4.53413904505469	3.12708871618012	1.69279832096202e-06	0.000228298138916964
ENSG00000234825	3.09248725182861	3.11119254647737	0.322924641876485	0.00110630234377686	0.023764321757914
ENSG00000234851	3.31477912225449	3.31972547268453	2.43900136267734	0.000107776443710276	0.00467819549011473
ENSG00000234869	3.84194300622285	3.91317802780226	-0.716927819474709	0.00179136566837492	0.033002151939359
ENSG00000234961	5.43359944613991	5.473194542308	1.67602297935106	1.83275364937305e-07	4.93901832851084e-05
ENSG00000234964	4.23392889358905	4.27461907085217	0.420523297209857	0.000991650405051966	0.022200826415143
ENSG00000234975	3.32185183212058	3.32806876543224	2.11904871819796	0.00086348399574159	0.0202630709316002
ENSG00000235001	4.17549737179155	4.23628595791063	-0.174460256645072	8.04767002506175e-07	0.00013394652992058
ENSG00000235115	6.52579802153833	144269482.08625	-2.19224523709746	3.79522982868755e-05	0.00221147780188256
ENSG00000235174	4.01051230553753	4.01661984059464	2.87253960144199	3.54885721900254e-05	0.00210955960895092
ENSG00000235207	8.40006781753693	9.02588486442682	0.968798910275567	0.000718479413829588	0.0179000367346251
ENSG00000235238	3.20089483431934	3.22774012392635	-0.060843548778713	0.000337501329938436	0.0106058035113727
ENSG00000235253	4.16562237658603	4.49761667389986	-2.26662714759623	0.000507111329301372	0.0141160609242899
ENSG00000235297	4.02875023989149	4.05493715291175	0.827869813349103	1.91679693354637e-05	0.00137269962000617
ENSG00000235354	3.87525006699528	3.96459067577001	-0.989383434246486	0.000363396483320063	0.011283832131413
ENSG00000235363	5.86836330052937	5.91391917707396	1.89562898408923	3.30342932698917e-09	2.41590798113808e-06
ENSG00000235459	4.11581115360327	4.34424414819776	-1.9023487098609	0.0012250686917068	0.0254499414358479
ENSG00000235472	3.85123994707181	4.02450745276939	-1.82897662593846	0.000464154480811494	0.0132479535368183
ENSG00000235508	4.63672469863551	4.67064693024745	1.08649882984019	4.24809029014896e-07	8.91507922282217e-05
ENSG00000235587	3.12287409202371	3.12674151659218	2.5837284361177	0.00100811799674041	0.0224238891551456
ENSG00000235644	6.25002987115428	144269481.807361	-2.38619824407178	8.59860517038724e-06	0.000762936533757815
ENSG00000235655	4.66880909733415	4.67378686886188	3.84814772556134	5.58546019136995e-10	6.98374709220794e-07
ENSG00000235698	3.64409565095677	3.86833338140874	-2.30105237653346	0.00156903518512809	0.0301970455804477
ENSG00000235962	5.1546412513677	5.77082512868283	-2.05154093763428	1.85436248287144e-05	0.00134798747474757
ENSG00000236060	3.46508047357539	3.48919143102925	0.369658325172097	0.00300026518266476	0.0464752245946286
ENSG00000236111	4.16241060779416	4.49444766516517	-2.27023893641503	0.0005083274368262	0.014132940483674
ENSG00000236148	4.28407974280645	4.61755861766247	-2.17619837410751	0.000364868996898054	0.0113039131850291
ENSG00000236281	3.90617872448759	4.13193675689997	-2.05279197669296	0.0023268596234881	0.0392387911690182
ENSG00000236330	4.46470877994937	4.64186880290503	-1.28560246916297	0.000101510974757824	0.00444621754048153
ENSG00000236453	5.71336181181321	6.32924852407101	-1.53423529020456	0.000845654166060197	0.020028476588515
ENSG00000236468	5.6674665395848	6.2878086741115	-1.60395608883925	7.8497291161563e-07	0.000132451492662536
ENSG00000236480	3.44295988850469	3.46456839745322	0.489837759072749	0.000340115944894264	0.0106740678986712
ENSG00000236534	3.19151578791765	3.26022312969811	-1.30880523617318	0.00146559683721354	0.0286518808474997
ENSG00000236552	4.10574019122669	4.1072612866022	4.9690464816434	5.81469009734201e-07	0.000104725172245711
ENSG00000236562	4.53288369635027	4.76514381862032	-1.54853475702503	0.000392152691113382	0.0117267671578916
ENSG00000236565	3.70680780281164	3.75809903914216	-0.427391602011803	8.96284342383709e-05	0.00406610679254668
ENSG00000236603	3.18538219061666	3.20442677423886	0.387947009492413	0.00077547581512931	0.0188853010316153
ENSG00000236680	3.66986503498343	3.89412564873431	-2.26686713757029	0.00188226633037444	0.0341553500881629
ENSG00000236686	3.55956725899678	3.78254901532055	-2.35547645783371	0.00229563540187793	0.0388519388421612
ENSG00000236739	4.46379479641092	4.79922179288542	-2.02598112808682	0.000172894773929306	0.00665493217545435
ENSG00000236762	4.57655023736657	4.80894492471046	-1.49509928003894	2.61819164046275e-05	0.001707768568944
ENSG00000236801	4.78752225099727	4.8229459861763	1.18358319023671	4.58845191968521e-07	9.18031624997066e-05
ENSG00000236811	3.37640850182029	3.43454209002502	-0.910988145596995	0.0014703829545254	0.0286657103711336
ENSG00000236852	3.97608346132957	4.3057563491048	-2.4227578292376	0.00192399414462509	0.0347297492044742
ENSG00000236876	3.73323495592728	3.75645791381408	0.695513456152081	0.000111571348828368	0.0048083266653997
ENSG00000236942	3.29062660005846	3.37669268800181	-1.50235113583735	0.00306342667098875	0.0471299690560854
ENSG00000236972	4.15040401604884	4.37834025934127	-1.86980319039172	0.00271204464945982	0.0435196822212252
ENSG00000236976	3.3977631379344	3.53424531784758	-1.95964055920963	0.00169735905464753	0.0318786485796603
ENSG00000237125	5.55081065995708	6.1770074994126	-1.74091150531212	0.0029405606080612	0.0459719352584013
ENSG00000237214	3.82617186281271	3.84079531781069	1.43691065858823	9.17134520487091e-06	0.000794531520324617
ENSG00000237264	3.78026462924956	3.78984232596092	1.98351805695588	7.64118370867263e-05	0.00360180327392784
ENSG00000237350	3.24473519785194	3.25768048081808	1.00251129750039	0.000627344107331166	0.0162799168670219
ENSG00000237380	9.03529269236097	144269484.609139	0.0989655809357461	2.79377643524032e-05	0.00179800001301573
ENSG00000237456	3.9841881012516	4.3134562917233	-2.40255517968896	0.00262581987143062	0.0425413349461822
ENSG00000237493	4.33673801164399	4.3800571383469	0.447295617908952	1.21989495881222e-06	0.000181734227999841
ENSG00000237506	5.13913692927691	5.22265367960758	0.326332955202693	1.70255825374389e-07	4.72293573515574e-05
ENSG00000237541	6.168909341946	6.18039120633197	4.16922351431285	8.09625820322764e-05	0.0037721060902837
ENSG00000237649	5.74571356242391	5.75432810131741	4.15556113205723	3.59007131046899e-07	7.73596258989809e-05
ENSG00000237668	4.40968728673253	4.52959548330133	-0.841683238911011	6.69570599959677e-05	0.00327278678100572
ENSG00000237676	5.92240721237906	6.54445188319708	-1.37919631077606	6.57425812803333e-08	2.37268793015583e-05
ENSG00000237709	4.14391352615429	4.23420208280455	-0.735681303890272	1.57695864429625e-05	0.00120437721270398
ENSG00000237729	3.60786495334792	3.72432266448784	-1.59030402587045	0.000891162489304089	0.0206870051668646
ENSG00000237730	6.97504888098952	144269482.540076	-1.78770885080926	7.90296467365756e-07	0.000132451492662536
ENSG00000237749	3.14913569078544	3.2114902442041	-1.23102831209152	0.00327314620580781	0.0493844023111928
ENSG00000237793	3.97933080934722	4.2071468763279	-2.01868599629318	0.000676312257741445	0.0171992834861244
ENSG00000237882	4.55479861992931	4.89088744157018	-1.94485266672985	0.000149044895019658	0.00591619982961256
ENSG00000237888	3.70209410492081	4.0273083403849	-2.6173398844661	0.00320771413173347	0.0487193032443395
ENSG00000237988	5.93493341147515	6.01105716160029	1.2550462853173	0.000120024072663203	0.00502892529453774
ENSG00000238000	3.28835439724347	3.32520725450082	-0.401733724774793	0.00204270855910758	0.0359582263789222
ENSG00000238103	3.40833604838036	3.42528093656969	0.792381230028513	0.000988345045729481	0.0221473717118248
ENSG00000238150	4.99416778599646	5.33365780801832	-1.55852434134168	5.91647666208289e-06	0.000578090071913799
ENSG00000239198	5.32113012538648	5.93855703497464	-1.90318018925466	1.75106664439345e-05	0.00130412030486511
ENSG00000239246	3.40102930643734	3.42576439447156	0.249774952587826	0.00158631309010612	0.0304324961181408
ENSG00000239269	3.9368084081431	4.01709381001258	-0.804348383097394	0.000116642822256761	0.00496482869902058
ENSG00000239559	4.80379845251449	4.86617601635785	0.398108202808388	5.78276885989451e-09	3.32288913487367e-06
ENSG00000239776	4.11644199948344	4.29182259577401	-1.60402703448441	0.000666773566340922	0.0170284796297056
ENSG00000240023	5.96962238999462	144269481.52288	-2.60409607458196	1.9628063832067e-05	0.00138509851614943
ENSG00000240036	5.61223317813347	5.84976975998956	-0.564878993683883	1.66025244239273e-09	1.60274129778824e-06
ENSG00000240065	3.11577198586048	3.11638450915686	5.22537502770277	0.0021114399767856	0.0368529267147768
ENSG00000240087	4.73591711530466	4.78505938037548	0.684336793216037	7.58032107838709e-07	0.000129748874705715
ENSG00000240231	4.28458929878881	4.61801797068474	-2.16780519725093	0.000177882458887294	0.00681430994093007
ENSG00000240342	3.41169630577588	3.41210751713886	6.12034635361922	0.0027182719250083	0.0435760441727516
ENSG00000240371	4.72420819581634	4.90266178882839	-1.05119397387642	2.24344616362576e-05	0.00153380537430436
ENSG00000240376	4.84311425169977	4.85442589597993	2.84928022605063	1.94836096332785e-10	3.91847862407952e-07
ENSG00000240388	4.17977764012586	4.51180411604967	-2.25494328656855	0.00108600470848693	0.0235167223608898
ENSG00000240480	4.23118364466875	4.8341258831719	-2.77478842409828	0.001762239691597	0.0326650481697404
ENSG00000240509	4.42076821868564	4.48773996173658	-0.0722780676394921	1.89442608956231e-06	0.000242735990155037
ENSG00000240583	5.41623567286839	5.41635359854737	10.0033902967412	0.000515108272156475	0.0142564484406243
ENSG00000240695	3.29913781302111	3.38531063763662	-1.49837996057943	0.00296711608242881	0.0462287795567056
ENSG00000240759	3.8677743899377	4.0410832556844	-1.81325742469447	0.000787606364658874	0.0190844297235715
ENSG00000240950	4.15740912265046	4.21357392554343	-0.0882519324656698	2.89961504758117e-06	0.000331655495537081
ENSG00000241061	5.08263298818225	5.17542018906423	0.147179389224757	2.34719185532013e-08	9.44118803938269e-06
ENSG00000241081	4.09809296715018	4.17065694495003	-0.498047427822842	3.88836569706924e-05	0.00225040330295129
ENSG00000241352	3.93311689683754	3.99242441516501	-0.365550410890412	0.000189246115695431	0.00706025517461551
ENSG00000241411	5.97926838571938	144269481.532843	-2.60254665045163	1.87389686149719e-05	0.00134998886135442
ENSG00000241429	4.44370075202144	4.51070140782363	-0.0485844810784754	8.68057272956574e-07	0.000139921460547493
ENSG00000241494	4.45160737692325	4.55566102262263	-0.629490066471183	6.19163209331542e-07	0.000110688036251907
ENSG00000241511	5.27035572607203	5.45078474179906	-0.542726389632912	1.19035551983167e-06	0.000178435031774021
ENSG00000241556	4.60615185505832	4.7272321684797	-0.668613810320916	1.37375247318375e-06	0.00019734608445129
ENSG00000241680	3.70326035744044	3.76837075270402	-0.752335449448123	0.000215922191114068	0.00779800043311946
ENSG00000241741	3.47186950245591	3.49178720219674	0.631153489178089	0.000472560037159816	0.0134173693374294
ENSG00000241746	4.83021884137636	5.06489536120055	-1.30298872730071	4.2769199588741e-05	0.00241731115427325
ENSG00000241755	8.50438100450377	144269484.077008	-0.394556830283577	0.00298965891829237	0.0464002754559924
ENSG00000242060	4.69314900231341	4.81498600138756	-0.609879735763981	3.79045202444707e-05	0.00221147780188256
ENSG00000242071	4.0917253296398	4.09808790817295	2.8979605076258	8.37988192508791e-08	2.80888986638988e-05
ENSG00000242083	4.3757035640116	4.60704133705009	-1.68893454079255	7.49330591476763e-05	0.00354810909490229
ENSG00000242088	3.86773861928218	4.09426261281325	-2.10444431288828	0.00132482831429794	0.0268910063391644
ENSG00000242100	4.271799095904	4.37532938657632	-0.801144057204174	9.39515586408829e-05	0.00419893873377605
ENSG00000242169	5.19179671207461	5.80807035876614	-2.01550878874777	2.87337420117825e-05	0.00182489507819042
ENSG00000242262	3.54167327269763	3.5861385368247	-0.397909006405427	0.0004578710837943	0.0131564693112187
ENSG00000242276	3.50494984471272	3.59209872595386	-1.30923559759403	0.00234717960095478	0.03950267258678
ENSG00000242299	4.15936753311114	4.16282271665813	3.84551302634605	1.76114720947323e-06	0.000234826114659817
ENSG00000242327	4.44877410586132	4.7840966102959	-2.04440785967773	0.000394710588384675	0.0117459252035459
ENSG00000242477	3.81637566071071	3.89588468214131	-0.898071500949267	0.000391461803855659	0.0117267671578916
ENSG00000242512	4.9128016485778	4.96805221434151	0.703329296979995	0.000384656404678777	0.0115962233279017
ENSG00000242540	4.06519103735609	4.16645861981453	-0.948356436602924	0.0024315383089822	0.0404429672977094
ENSG00000242660	5.95079917741704	144269481.503511	-2.63778597044852	0.000229645091033838	0.00810271144299801
ENSG00000242667	3.77740646164215	3.91618090515943	-1.62107730396537	0.00265639554338919	0.0429112784766766
ENSG00000242814	4.77960373866605	4.90138043249123	-0.516204818521427	7.86944118477941e-08	2.67494497962628e-05
ENSG00000242952	4.08286728613654	4.18516306828462	-0.951142378172143	9.6166428610116e-05	0.00428998260272928
ENSG00000242992	3.63970128868975	3.66441694534269	0.512534344023314	9.75966575009634e-05	0.00433774904627671
ENSG00000243007	3.60049422558641	3.82413294807068	-2.33063302301792	0.00220993275949842	0.0377928386918238
ENSG00000243244	3.31727316127169	3.31904885444857	3.91327497319861	0.00112612453759892	0.0240725328524466
ENSG00000243388	4.84502344509128	5.18361686667527	-1.69884109335479	1.66559962999905e-05	0.00125617442094991
ENSG00000243445	4.28724396974582	4.42981343198189	-1.17685929028086	4.40529769688219e-05	0.00246105219019803
ENSG00000243455	4.81410723496708	5.42660593418388	-2.34460669880456	0.000351065058516587	0.0109748758060095
ENSG00000243466	6.53583908257124	6.56303480293926	3.3006935387433	0.00320603336049769	0.0487193032443395
ENSG00000243479	6.77999388313196	144269482.343459	-1.94105132582687	0.000552945366391259	0.0149773102945978
ENSG00000243517	4.49266628715312	4.52814410469165	0.874861846743913	2.62814036642123e-06	0.000311893067128759
ENSG00000243547	3.10075803196183	3.1103348380447	1.26632257671524	0.000579620775849239	0.0154569809992768
ENSG00000243663	3.60221883293346	3.68070570723295	-1.08989313497635	0.00134960998223748	0.027279302605795
ENSG00000243721	4.02489681984253	4.25336178968505	-1.99257880328807	0.000485853587509423	0.0136772789164658
ENSG00000243746	3.79504299242978	3.81859852411753	0.730694978187334	1.21819871612614e-05	0.000989286861102228
ENSG00000243824	4.29151375543918	4.62495388668312	-2.15993052066941	0.000303950460481825	0.00984636297083002
ENSG00000243829	3.81809477991909	3.8424719613254	0.706602176025112	6.28409711087151e-05	0.00317205054076303
ENSG00000243830	3.80701689248941	4.03276540074651	-2.15942443639347	0.0022101566404032	0.0377928386918238
ENSG00000243859	4.32377590693949	4.50025107462344	-1.41223848264444	9.85184550707e-05	0.00436265026546105
ENSG00000243964	3.57303115046429	3.60560014786475	0.0565545375074781	9.83100770036723e-05	0.00436142536471807
ENSG00000244245	5.08996017021971	5.32551893285604	-1.05110327560769	1.32516854675181e-06	0.000192660347634387
ENSG00000244251	5.22398655923558	5.56542617487498	-1.37692206896671	6.5990410502001e-06	0.000629491133223435
ENSG00000244313	3.56312941802273	3.56533792744056	3.86130969276405	4.41829060721328e-05	0.00246261028901814
ENSG00000244331	3.99160697301098	4.32129408190633	-2.40705622516924	0.00166948888175671	0.0315069401610566
ENSG00000244363	3.15082051718037	3.17570058233685	-0.0133988610121232	0.000816533233062042	0.0195692284475862
ENSG00000244485	4.49059223697112	4.72219429883313	-1.57023925738986	0.000101091369003103	0.00443588927185616
ENSG00000244509	3.92578031585347	3.92685069051947	5.28735876109529	4.49236032362031e-05	0.00248666568922598
ENSG00000244575	7.4637600775389	8.09288237976963	0.0170327029983146	0.0012159880728501	0.025364439196339
ENSG00000244585	3.95001723559912	4.27911740383572	-2.42523963138289	0.000716917541577908	0.017898215306744
ENSG00000244716	3.24536051092109	3.25748089416292	1.09270958025387	0.000510634095802544	0.014165107204711
ENSG00000244722	3.74352217625859	3.86102641503681	-1.47416212941799	0.00125723877263726	0.0258892496065083
ENSG00000245205	4.49355026768091	4.5157708332614	1.52643929053895	5.75793597541858e-07	0.000104482726940415
ENSG00000245694	4.96999421790989	4.99212304192229	2.02695275475486	0.000231020576363368	0.00812484227688974
ENSG00000247763	3.26149145693593	3.29306724886203	-0.213774114899337	0.0026946081876279	0.0433833715811953
ENSG00000248180	3.93732901827697	3.95940649319784	0.976852507784328	9.93154719674243e-06	0.000847912470837914
ENSG00000248187	7.11979779829883	144269482.685985	-1.66314263391524	1.92598109113665e-05	0.00137484142271455
ENSG00000248415	3.29251008610602	3.32765727403199	-0.337523055013155	0.00188710722326664	0.0342174648582397
ENSG00000248546	3.62062168248693	3.84449692123205	-2.31291662872816	0.00282895677239099	0.0447112264210113
ENSG00000248626	3.35720604999269	3.37280157580087	0.862260594690538	0.000449286631350007	0.0130169070360157
ENSG00000248697	3.55104966778278	3.77406856238794	-2.36730159353321	0.00297546388296011	0.0462885012698089
ENSG00000248699	4.52706491897741	5.13510732471875	-2.54531966197198	0.000335710473011332	0.0105770712214824
ENSG00000248854	4.27337589912491	4.87762807582986	-2.75648699471284	0.00128929841364449	0.0263549995279189
ENSG00000248873	4.15399174353676	4.48584556230925	-2.27113863205939	0.000499518707280001	0.0139687203181214
ENSG00000249001	9.99279263669349	144269485.56798	1.04510606171231	1.85835202310899e-07	4.93901832851084e-05
ENSG00000249014	4.28802634959435	4.37862513578062	-0.595389774574394	1.5091088145366e-05	0.00116733436314187
ENSG00000249026	4.25408263606419	4.48455840042659	-1.79686251982883	8.85812119002285e-05	0.00403362069433984
ENSG00000249210	3.77901437310412	3.81728428056192	0.0403362440038823	0.000150385506848436	0.00595961218765213
ENSG00000249264	3.59572116005489	3.60059660646558	2.76195115127109	1.21137886188128e-05	0.000989286861102228
ENSG00000249353	3.3832282042039	3.38874536971492	2.35975905429649	5.3055110695336e-05	0.00283909543574554
ENSG00000249565	3.38084632045864	3.41617240814611	-0.251128090905522	0.000945198483885767	0.0215145813213449
ENSG00000249641	6.96238458033342	144269482.527382	-1.79490501388582	0.0009467342903484	0.0215145813213449
ENSG00000249855	3.59366959638244	3.5989458192531	2.64680128418886	8.99150758301749e-06	0.000786235666697624
ENSG00000249858	3.43456389470197	3.60361797904909	-2.1642985731657	0.00276451642594352	0.0440679256431446
ENSG00000249921	6.60612247932835	144269482.167709	-2.09709542999691	1.482634813774e-06	0.000208034352300126
ENSG00000250081	6.14272384758195	144269481.698893	-2.46682453529085	0.000242408700670747	0.00832338821477669
ENSG00000250133	7.23186404900908	144269482.798786	-1.57688167612598	3.4982696319528e-05	0.00209892367851703
ENSG00000250144	5.60055081852371	5.67623352206674	0.924925306436804	5.24304536153781e-10	6.98374709220794e-07
ENSG00000250182	3.68421287889575	3.68724316645019	3.53502256754724	1.69326953120646e-06	0.000228298138916964
ENSG00000250451	7.25895990928496	144269482.826109	-1.54118670050274	8.78171540459652e-05	0.0040138763652431
ENSG00000250471	4.62900393963183	4.96577531416089	-1.88530303751629	0.000177044148263361	0.00679297849632426
ENSG00000250526	3.46466959902544	3.56375709483028	-1.50191795144584	0.0011484520518033	0.024377081634319
ENSG00000250568	6.94650212153168	144269482.511376	-1.81249219115392	2.77627248470296e-07	6.26192150895525e-05
ENSG00000250746	4.2776699724124	4.36810732239671	-0.602118880036568	3.42970445001382e-05	0.0020750476198105
ENSG00000250895	4.44787569178342	5.05461428707787	-2.60552687669246	0.000721011091188606	0.017902141640685
ENSG00000250966	3.65385464786979	3.75410692979309	-1.33105933245782	0.000236788592359669	0.00822817867925091
ENSG00000251400	3.73640779476277	3.79601142708707	-0.589640967493525	6.1201538696088e-05	0.00311611378669069
ENSG00000251583	4.58906510217851	5.1983046468855	-2.51256229840912	0.000289488463522848	0.00953139778807698
ENSG00000251593	5.47833204857772	5.62473584963723	-0.0677322156032713	1.1580619581763e-06	0.000176782417719172
ENSG00000253173	6.3530038714153	144269481.911658	-2.30527566570793	7.36879562758998e-06	0.000678772952962811
ENSG00000253204	6.14837043115133	144269481.704466	-2.47036328091872	1.25505345566848e-05	0.00100964866997011
ENSG00000253293	8.86058173233767	9.10147226100722	2.60493972512052	5.4105912700495e-07	0.000101781905393732
ENSG00000253506	3.77747747202409	3.83278465923454	-0.451126312246232	1.81821672897538e-05	0.00132972250112399
ENSG00000253525	4.86221227992928	4.96532494650897	-0.206866250511756	0.00227976113319737	0.0386854406709764
ENSG00000253552	7.67959874471743	8.03288489048896	0.906490505758836	5.02263824525288e-06	0.000507181386656624
ENSG00000253626	3.56250544415199	3.57138316658788	1.87319380197112	0.000235567781921821	0.00820374148470596
ENSG00000253676	5.10561000148502	5.17433189119273	0.563537064183092	1.81277742201969e-06	0.000239146174367209
ENSG00000253683	3.06173262574101	3.07263808601199	1.0403928712616	0.00293933450719766	0.0459719352584013
ENSG00000253882	3.6899008627898	3.71434572502954	0.581850108245587	0.00176420490527113	0.0326763784987057
ENSG00000253954	4.73614454102506	4.88093337463566	-0.782780796255181	1.05809412975322e-06	0.000165818465762754
ENSG00000254012	4.26155416418861	4.59471134281965	-2.19083439940734	0.000261888981056268	0.00885214099273386
ENSG00000254023	3.94527277969495	4.08599649695496	-1.49017000182222	0.000464727819572165	0.0132479535368183
ENSG00000254244	3.52887809973574	3.62842356103062	-1.44945174258699	0.00104777207052149	0.0230509855514729
ENSG00000254332	3.40814468935576	3.43318732446434	0.257401380040215	0.00160786435668782	0.0307238308664321
ENSG00000254369	8.06707042575708	144269483.638278	-0.80310531567118	6.47909696453997e-08	2.37268793015583e-05
ENSG00000254416	9.51862309237084	144269485.093257	0.579456710855754	2.9199437683644e-07	6.46513054180793e-05
ENSG00000254545	5.17860657919004	5.22762689303721	1.13001953251586	1.93774441838289e-05	0.00137511050767154
ENSG00000254919	6.23475879949722	6.28832948008243	2.05228691957409	4.15247934073024e-05	0.00236638484828818
ENSG00000255071	11.2386882282434	144269486.814697	2.27752611161152	5.85766099498191e-05	0.00301518900944402
ENSG00000255074	4.7404491202161	5.35164158349747	-2.385369978956	0.000162805672550565	0.00636815575581094
ENSG00000255921	5.41341693760662	6.03023957704352	-1.81374629634995	0.00311286479300413	0.0476082882854003
ENSG00000255967	4.39405827447322	4.57182209832572	-1.37632979317566	0.000214124935062732	0.00775929607027625
ENSG00000256211	3.78801956229147	3.86745848414738	-0.927878980267558	0.000360234809256726	0.011216917204258
ENSG00000256235	3.34754027623775	3.34791308828435	6.19261909926417	0.00252824684503145	0.0414515688573294
ENSG00000256338	3.36416473642404	3.37708084782348	1.12789691902828	0.00131549837905856	0.026769171905733
ENSG00000256356	3.12119789948783	3.14611164968589	-0.0520338229160647	0.00135640695345448	0.0273708406477178
ENSG00000256663	4.69686691055201	4.76366687462135	0.2193067452636	4.73063077226242e-05	0.00259475097858594
ENSG00000257017	10.5516741290169	10.6595551744347	5.38125244859757	1.57178669004559e-06	0.000215531249872501
ENSG00000257074	3.99573585297135	4.22391113349152	-2.01525239396339	0.000379103812384026	0.0115230370378792
ENSG00000257195	3.80197801055033	4.02813129039741	-2.17245823190871	0.000905425195067311	0.0208308214087269
ENSG00000257219	4.40281259625298	4.48294160795487	-0.323698885358593	0.00211185869091474	0.0368529267147768
ENSG00000257702	3.53028659157998	3.54255698255472	1.37782393789209	0.00226827697789619	0.0385782921666995
ENSG00000257773	3.38264696469438	3.4693342340488	-1.42263475606044	0.00193873287525942	0.0349125621896352
ENSG00000257790	3.07971689233188	3.12005934837069	-0.730383482516298	0.0022111331827652	0.0377928386918238
ENSG00000257907	5.1880421236965	5.31025948056912	-0.105564225940057	1.24594774682895e-07	3.71230900271232e-05
ENSG00000258227	4.17200640056119	4.17489901142578	4.11345178379479	0.000821241686447392	0.0196236107531895
ENSG00000258334	4.08474232301819	4.20356107187616	-1.14608051222312	0.000416403990311057	0.0122405528650025
ENSG00000258427	3.18771266399865	3.22432076336809	-0.500572652118736	0.000948983512737914	0.0215353889368908
ENSG00000258476	4.60666624591276	4.78598716081445	-1.18625591854264	0.000808346264715083	0.0194502779188772
ENSG00000258501	4.66044516189684	5.27076137411722	-2.45426196049753	0.000267262029323707	0.00895847474402548
ENSG00000258645	3.31026531517029	3.37317429595796	-1.07261582737069	0.00217901888540699	0.0375313350608778
ENSG00000258675	6.93218356705697	7.55633084390759	-0.434582329127767	3.14010375110097e-06	0.000352480297344516
ENSG00000258754	3.97103941147991	3.9760025814324	3.12761491286215	5.1910375433582e-05	0.00279643973373676
ENSG00000258841	4.32346072005	4.65721405446083	-2.13144395494786	0.000251618116988831	0.00858918194541506
ENSG00000258895	3.92494919986358	4.25405929608695	-2.46446059544992	0.00267725811212227	0.0431904727793843
ENSG00000258910	5.31942267478085	5.66179155738061	-1.30051632288941	2.46080745740218e-05	0.00163156942793803
ENSG00000258932	6.88098427854311	144269482.445219	-1.89496267905121	0.000511632295314032	0.0141765026579895
ENSG00000258955	3.89673888024394	4.03727098616649	-1.5422115811907	0.0019276542335614	0.0347698111156732
ENSG00000259051	3.67858335921178	3.73817799378374	-0.657367309970691	0.000102955677861587	0.00449318685264293
ENSG00000259137	3.31191422194219	3.39808388477314	-1.48120142603048	0.00277504744195573	0.0441483157311533
ENSG00000259394	5.72143386811675	6.34243578808279	-1.57576558682123	1.62314141224832e-07	4.55498777246522e-05
ENSG00000259612	4.28282146282718	4.31960578112063	0.618663451116057	2.98694523810652e-06	0.000338226617721352
ENSG00000259790	4.24350859304442	4.41990504634644	-1.50373388295269	6.09303185874118e-05	0.0031088632321112
ENSG00000260027	7.99254997083561	8.11679735516978	2.63554709164318	1.26449278003632e-06	0.000187222507689549
ENSG00000260057	5.01707891975913	5.63436006524616	-2.22689786988681	0.00151054689256441	0.0292862108951858
ENSG00000260290	3.72477476956507	3.75039968789319	0.553504779744924	5.64102141675628e-05	0.0029454503513751
ENSG00000260747	3.66961663481578	3.74095867183241	-0.906814353342303	0.000813117402265797	0.0195455930142258
ENSG00000260850	6.3678687397092	6.99118902609959	-0.983553678899798	0.000108283834710443	0.0046833728797524
ENSG00000260981	4.46110330754225	4.63502376298908	-1.23596236209168	0.00234939305063144	0.0395123706508287
ENSG00000261295	5.12042375382279	5.14557830345354	1.99424357638301	9.13181467056154e-05	0.00412710140935079
ENSG00000261557	4.73034290912005	4.7835326386166	0.557087745477028	1.14662398023528e-07	3.6411346235524e-05
ENSG00000261614	7.14287819011246	144269482.709256	-1.64104881630723	2.4773700469337e-07	5.85902448849952e-05
ENSG00000263266	3.45613592294891	3.45978950680488	3.02515988378673	0.000584752234681703	0.0155081433316574
ENSG00000263820	4.5875568953912	5.19709386882873	-2.50874427787614	0.00121929775459236	0.0253677000080448
ENSG00000264350	3.8161180623961	3.82780275489524	1.74564743981771	0.000380357678392797	0.0115321007667484
ENSG00000265273	4.04830536325741	4.27681949212748	-1.95718159859134	0.000242559138302345	0.00832338821477669
ENSG00000266378	4.68602758012249	5.2966970061576	-2.441216456467	0.00145192737964122	0.0285581217443041
ENSG00000266920	3.76589132804533	3.82556108040912	-0.563227024087802	0.00020499367512551	0.00751871938522652
ENSG00000266928	5.96275587042807	144269481.516141	-2.60774941659008	0.000502163959355263	0.0140106647341964
ENSG00000266989	3.63971549983039	3.7782441586081	-1.75400265803871	0.0022750181100209	0.0386656951177777
ENSG00000267045	4.89706869238738	5.12993652196456	-1.19255257887662	0.000245736477019816	0.00841220444878899
ENSG00000267461	4.89369191712446	5.50628880061012	-2.25926412706168	0.00175406099561643	0.0325384381769461
ENSG00000267541	3.69116411670255	3.71057817351314	0.904395455849921	2.81104623585368e-05	0.00180430292170459
ENSG00000267679	3.52135934666201	3.69140647989605	-2.10226785661735	0.00162564295752559	0.0309410624108222
ENSG00000268034	3.00458621985837	3.04043808635768	-0.648700049673161	0.00319808058048255	0.0486648655292345
ENSG00000268222	4.14788538683339	4.17982284912652	0.676749671558569	9.08436979534377e-07	0.000143295542902501
ENSG00000268412	4.14947579875807	4.26846157000444	-1.08125170169425	0.00010895746065442	0.00470407755891549
ENSG00000269242	5.76342437576997	5.81814726800735	1.53533352916384	3.36538156813479e-10	5.80143705466893e-07
ENSG00000269378	4.83230687326274	4.89425646800319	0.448346063395068	1.61217468481038e-05	0.00122467222828464
ENSG00000270550	6.05143324258529	6.20068650120825	0.438859663545181	0.00238508564455765	0.0399326283358505
ENSG00000270882	5.06932771077606	5.68410858497482	-2.13014445513073	0.00022441486497797	0.00800615475285888
ENSG00000270933	5.37521231622608	5.99628076418459	-1.90573995185058	0.000658665800095832	0.0168929228687703
ENSG00000270983	3.94326933750474	4.27227330545893	-2.44128718865195	0.00240531166537295	0.0401173405197725
ENSG00000271579	5.38151542384109	144269480.923074	-3.03282341143839	0.000761316436714171	0.0185967721494532
ENSG00000271707	4.05945179238108	4.39001688000177	-2.33713298868944	0.000711887694673624	0.0178593530387248
ENSG00000273812	5.79010484240556	6.02612409370598	-0.369631056940632	1.61368098365176e-05	0.00122467222828464
ENSG00000273983	7.30911744727422	144269482.87655	-1.50854482646888	3.25071762549031e-05	0.0019861473208502
ENSG00000274267	6.45731773806308	144269482.017391	-2.22700354358197	0.000167335707764989	0.00651367737290364
ENSG00000275385	7.61069675304552	7.64714058475782	3.96815395377685	0.000535542883276889	0.014670592446089
ENSG00000275395	4.52633942327712	4.52647496697485	8.89172178276197	0.000261622644337479	0.00885214099273386
ENSG00000275713	5.4992632308272	5.84173246638621	-1.11603301504697	2.30592424112983e-05	0.00156323527065807
ENSG00000275830	5.58137104819414	5.58479374188217	5.31512672677844	4.40380591960162e-05	0.00246105219019803
ENSG00000276043	4.59687023409886	4.59956920181377	4.6529279649829	8.00083231897164e-06	0.000725081868269284
ENSG00000276269	5.15193667282439	5.18798624015149	1.51577544428521	0.000456216376479392	0.0131545113858467
ENSG00000276924	4.81851147764306	5.43135015465657	-2.32584453272027	0.00280575525024002	0.0444339985262094
ENSG00000276967	4.16640467683963	4.39620288515099	-1.87373705081765	0.000389257081056692	0.0116990415868271
ENSG00000277559	5.57971494834935	6.19975910254614	-1.70506980386595	0.000178188980750817	0.00681523432874835
ENSG00000277998	3.93066083853296	4.00302779424966	-0.669395884444499	7.00969988204851e-05	0.00338344193906717
ENSG00000279252	3.71506103597424	3.81563952392809	-1.29191412130494	0.00155216155564133	0.0299439384363292
ENSG00000279281	4.89478051091301	5.23309877275331	-1.6535103823997	0.000413544128459384	0.0121861709355785
ENSG00000279461	4.02638244598776	4.20071551589257	-1.67628347562696	0.00100704998554331	0.0224238891551456
ENSG00000279690	4.91449788326992	5.52737588227977	-2.23659605024908	0.000376056523976317	0.011472070934261
ENSG00000280206	3.18752287078729	3.19183039923914	2.50089577343673	0.00200493293030649	0.0355008563365213
ENSG00000280543	3.86789465444797	3.9861603500444	-1.36007325630759	0.0010037313921975	0.0223882194263349
ENSG00000280800	4.91080516889022	5.14512746550363	-1.21406121487804	0.000168255711129134	0.00652842979484005
ENSG00000280890	6.23258805333405	6.47255919427379	0.0120545546531596	7.47772403622848e-05	0.00354810909490229
